 	Game Name	Platform	Date Of Acquiry	Date Of Completion	Status	Rating	Times Completed	%	Time	Note	Genre	Condition	Edition
280	Fallout: New Vegas	PS3	07/03/2019	19/08/2020	Completed	98	3				RPG | OpenWorld	Box | Cover | Manual	
649	Fallout 4	PS4	23/08/2023	21/01/2025	Completed 	96.5	1		60:19		RPG | OpenWorld	Box | Cover | Manual	
947	Silent Hill 2	PS2	17/10/2025	20/10/2025	Completed	96	1		6:11		Horror | <3 | Adventure	Box | Cover | Manual	Platinum I Director's Cut
696	Fallout 3 Game of the Year Edition	PS3	09/12/2023	29/03/2024	Completed	95.5	1		44:11		RPG | OpenWorld	Box | Cover	
716	Bloodborne	PS4	21/04/2024	08/07/2025	Completed	95.5	1				Action | RPG | OpenWorld	Box | Cover | Manual	Playstation Hits
298	Metal Gear Solid: Peace Walker	PSP	19/05/2019	07/06/2019	Completed	95	1		41:25	GotM May|Jun19 || #1 PSP || #1 Action || #1 2019a|c	Action | Stealth	Box | Cover | Manual	
329	Warriors Orochi	PSP	02/01/2020	31/10/2020	Completed	94.5	1				Action | H&S	Box | Cover | Manual	
150	Neverwinter Nights	PC	15/08/2016	05/09/2016	Completed	94	1			#1 2016a|c || #1 PC || #1 RPG	RPG | OpenWorld	Box | Cover	Sold Out Software
355	Dark Souls II	PS3	08/07/2020	05/04/2023	Completed	94	1		34:39		RPG | <3 | OpenWorld	Box | Cover | Manual	
354	Bioshock	PS3	08/07/2020	20/07/2020	Completed	93.5	1			#1 PS3 || #1 Shooter || GotM Jul20	FPS | <3	Box | Cover | Manual	
934	Batman: Arkham Knight	PS4	20/08/2025	22/03/2026	 Completed	93	1				Action | Adventure	Box | Cover 	
104	Professor Layton and the Curious Village	NDS	23/06/2015	24/06/2015	Completed	93	2	100	12:10	#1 2015a|c || #1 DS || #1 Puzzle	Puzzle	/	
220	Rune Factory 2	NDS	19/05/2018	20/09/2018	Completed	93	1			#1 2018a|c || #2 DS || GotM Sep18 || #2 RPG	RPG | OpenWorld	/	
458	Red Dead Redemption	PS3	21/02/2022	28/10/2023	Completed	93	1				Action | Adventure | OpenWorld	Box | Cover | Manual	GOTY
686	Death Stranding	PS4	09/12/2023	26/07/2025	Completed	93	1		39:11		Action | Adventure | OpenWorld	Box | Cover	
757	Ghost of Tsushima	PS4	09/09/2024	26/05/2026	Completed	93	1	100			Action | Adventure 	Box | Cover | Manual	
418	Kessen III	PS2	27/07/2021	20/11/2024	Completed	92.5	1				Strategy	Box | Cover | Manual	
397	Kingdoms of Amalur: Reckoning	PS3	14/04/2021	08/03/2022	Completed	92.5	1		47:30		Action | RPG | OpenWorld	Box | Cover | Manual	
659	Warriors Orochi 4	PS4	29/08/2023	12/08/2025	Completed	92.5	1		36:01		Action | H&S | <3 | OpenWorld	Box | Cover	
644	Borderlands 2	PS4	23/08/2023	24/06/2025	Completed	92.5	1		42:33		FPS | RPG | OpenWorld	Box | Cover | Manual	Handsome Collection
195	Half-Life	PC	17/08/2017	06/09/2017	Completed	92	1	100		#1 2017a|c || #2 PC || #2 Shooter	FPS	/	
109	Ratchet & Clank 2	PS2	15/09/2015	15/10/2015	Completed	92	1		25:11	#2 2015a|c || #1 PS2 || #2 Action	Action | Adventure	Box | Cover	
189	Ratchet & Clank 3	PS2	30/07/2017	04/08/2017	Completed	92	1		29:35	#2 2017a|c || #2 PS2 || #3 Action	Action | Adventure	Box | Cover | Manual	
579	Warriors Orochi 3	PS3	11/02/2023	05/03/2023	Completed	92	1				Action | H&S	Box | Cover | Manual	
908	Medievil	PS4	09/06/2025	16/06/2025	Completed	92	1	100			Action | Adventure	Box | Cover	
224	Super Metroid	SNES Classic	27/07/2018	23/08/2018	Completed	92	1	58	09:30	#2 2018a|c || #1 SNESc || #1 Platformer || GotM Aug18	Platformer	Built-in Console	
550	Yo-kai Watch	3DS	17/10/2022	10/11/2022	Completed	91.5	1		19:10		RPG | <3 | OpenWorld	Box | Cover | Manual	
98	Half-Life 2	PC	13/06/2015	25/06/2015	Completed	91	1			#3 2015a|c || #3 PC || #3 Shooter	FPS	Box | Cover	
353	Metal Gear Solid 2: Sons of Liberty	PS2	08/07/2020	14/07/2020	Completed	91	1		11:23	#4 Action || #3 PS2	Action | Stealth	Box | Cover	
321	Final Fantasy XIII	PS3	06/12/2019	01/06/2020	Completed	91	1		45:35	GotM May20 || #3 RPG || #3 PS3 || #3 2019a	RPG	Box | Cover | Manual	
290	Heavy Rain	PS3	08/04/2019	30/04/2019	Completed	91	3			#2 PS3 ||  #2 2019a|c	Adventure	Box | Cover | Manual	Move Edition | Essentials
60	Me & My Katamari	PSP	25/04/2014	Not Registered	Completed	91	1	99		#2 PSP	Action | Puzzle	Box | Cover*	
596	Silent Hill 4: The Room	PS2	14/04/2023	20/05/2023	Completed	90.5	1		08:46		Horror | Adventure	Box | Cover | Manual	
699	The Last of Us	PS3	09/12/2023	07/05/2024	Completed 	90.5	1				Action | Adventure	Box | Cover | Manual	
432	Bully	PS2	29/09/2021	22/10/2021	Completed	90	1	66			Action | Adventure | OpenWorld	Box | Cover | Manual	
197	God of War II	PS2	26/08/2017	31/08/2017	Completed	90	1		14:38	#3 2017a|c || #4 PS2	Action | H&S	Box | Cover | Manual	Platinum
335	Bioshock 2	PS3	24/02/2020	12/04/2020	Completed	90	1			#4 Shooter || #4 PS3 || GotM Apr20	FPS	Box | Cover | Manual	
358	Fallout 3	PS3	24/08/2020	11/09/2020	Completed	90	1				RPG | OpenWorld	Box | Cover | Manual	
454	Saints Row IV	PS3	25/01/2022	18/07/2022	Completed	90	1	96	22:20		Action | Adventure | OpenWorld	Box | Cover | Manual	Commander in Chief
585	Deus Ex: Human Revolution 	PS3	11/02/2023	25/04/2025	Completed	90	1				FPS | RPG | Stealth	Box | Cover | Manual	
53	Medievil Resurrection	PSP	02/11/2013	Not Registered	Completed	90	2	100		#3 PSP || #5 Action	Action | Adventure	Box | Cover | Manual	Platinum
621	Resident Evil 4	PS2	29/05/2023	14/07/2023	Completed	89	1		15:47		Action | Horror	Box | Cover | Manual	
1034	Silent Hill 3 HD	PS3	01/07/2026	09/07/2026	Completed	89	1		05:47		Horror | Adventure	Box | Cover | Manual	HD Collection
300	DMC Devil May Cry	PS3	21/06/2019	29/07/2019	Completed	89	3		24:37	GotM July19 || #5 PS3 || #4 2019a|c	Action | <3 | H&S	Box | Cover | Manual	Essentials
541	Resident Evil Revelations	PS3	22/09/2022	09/10/2022	Completed	89	1		15:21		Horror | TPS	Box | Cover | Manual	
239	Earthbound	SNES Classic	27/07/2018	15/02/2019	Completed	89	1		27:30	#3 2018a || #2 SNESc || #4 RPG || #3 2019c	RPG	Built-in Console	
709	Dead Space 2	PS3	02/03/2024	01/10/2024	Completed	88.5	1				Horror | TPS | Adventure	Box | Cover | Manual	Limited Edition
935	Rayman Legends	PS4	15/09/2025	27/09/2025	Completed	88.5	1				Platformer	Box | Cover | Manual	
677	Revelations: Persona	PS Classic	07/11/2023	06/12/2023	Completed	88	1		32:00		RPG	Built-in Console	
121	Burnout Revenge	PS2	30/10/2015	05/11/2015	Completed	88	1			#4 2015a|c || #5 PS2 || #1 Racing	Racing	Box | Cover | Manual	
633	Samurai Warriors 2 Empires	PS2	07/08/2023	22/07/2024	Completed	88	2				Action | H&S | Strategy	Box | Cover | Manual	
520	Sleeping Dogs	PS3	26/07/2022	03/08/2023	Completed	88	1	100	26:57		Action | Adventure | OpenWorld	Box | Cover | Manual	Essentials
320	Lightning Returns: Final Fantasy XIII	PS3	04/12/2019	18/02/2020	Completed	88	1	100	31:20	#5 2019a || #5 RPG || GotM Feb20	RPG | <3 | OpenWorld	Box | Cover | Manual	
690	Uncharted 4: A Thief's End	PS4	09/12/2023	29/06/2024	Completed	88	1		13:45		Action | Adventure	Box | Cover	
23	Grand Theft Auto: Chinatown Wars	PSP	Day 1 2012	Not Registered	Completed	88	1			#4 PSP	Action | Adventure | OpenWorld	Box | Cover | Manual	
816	LocoRoco 2	PSP	09/02/2025	12/04/2025	Completed	88	1				Platformer	Box | Cover	
708	Dead Space	PS3	02/03/2024	01/09/2024	Completed 	88	1				Horror | TPS | Adventure	Box | Cover | Manual	
627	LocoRoco	PSP	13/07/2023	25/07/2023	Completed	87.5	1				Platformer	Box | Cover | Manual	
694	Castlevania: Lords of Shadow	PS3	09/12/2023	16/01/2024	Completed	87	1				Action | H&S	Box | Cover | Manual	
565	Yo-Kai Watch 2: Fleshy Souls	3DS	01/01/2023	20/09/2024	Completed	87	1		29:29		RPG | <3 | OpenWorld	Box | Cover | Manual	
105	Professor Layton and the Pandora's Box	NDS	23/06/2015	07/07/2015	Completed	87	1	100	14:29	GotM Aug19 || #4 PS3 || #5 2019a|c	Puzzle | L	/	
175	Jade Empire: Special Edition	PC	28/01/2017	15/02/2017	Completed	87	1		13:58	#4 2017a|c || #4 PC	RPG | OpenWorld	Box | Cover	PC Gamer
275	Devil May Cry 3: Dante's Awakening	PS2	17/01/2019	13/02/2019	Completed	87	2		15:42	GotM Feb19 || #5 2019c	Action | <3 | H&S	Box | Cover | Manual	Special Edition
631	Samurai Warriors 2	PS2	07/08/2023	08/06/2024	Completed	87	1		38:40		Action | H&S	Box | Cover | Manual	
441	Bioshock Infinite	PS3	14/12/2021	14/01/2022	Completed	87	1				FPS	Box | Cover | Manual	
310	L.A. Noire	PS3	17/09/2019	26/10/2019	Completed	87	1			#5 PS3	Action | Adventure | OpenWorld	Box | Cover | Manual	
664	Silent Hill: Homecoming	PS3	17/10/2023	12/11/2023	Completed	87	1				Horror | Adventure | <3	Box | Cover	
164	Grand Theft Auto: Liberty City Stories	PSP	06/09/2016	16/09/2016	Completed	87	1	40		#2 2016a|c || #5 PSP	Action | Adventure | OpenWorld	Box | Cover | Manual	
27	Metal Gear Solid: Portable Ops	PSP	Late 2012	Not Registered	Completed	87	2		21:10		Action | Stealth	Box | Cover | Manual	Essentials
227	Super Mario RPG: Legend Of The Seven Stars	SNES Classic	27/07/2018	14/08/2018	Completed	87	1		18:49	#4 2018a || #3 SNESc || #3 2018c	RPG	Built-in Console	
349	Cursed Mountain	Wii	08/07/2020	13/12/2021	Completed	87	1				Horror | Adventure	Box | Cover | Manual	
348	MadWorld	Wii	08/07/2020	11/09/2021	Completed	87	1				Action | H&S	Box | Cover | Manual	
91	New Super Mario Bros. Wii	Wii	21/04/2015	16/05/2015	Completed	87	1			#1 Wii || #3 Platformer	Platformer	Box | Cover 	
406	Kessen II	PS2	06/07/2021	01/08/2021	Completed	86.5	1				Strategy	Box | Cover	
284	Saints Row: The Third	PS3	07/03/2019	11/08/2019	Completed	86.5	1	100	23:55	GotM Aug19	Action | Adventure | OpenWorld	Box | Cover | Manual	The Full Package
442	Uncharted 2: Among Thieves	PS3	14/12/2021	07/01/2022	Completed	86.5	1				Action | Adventure	Box | Cover | Manual	
556	Assassin's Creed II	PS3	04/11/2022	16/02/2023	Completed	86.5	1	95			Action | Adventure | OpenWorld	Box | Cover | Manual	
106	Professor Layton and the Unwound Future	NDS	23/06/2015	21/07/2015	Completed	86	1	100	14:35	#5 DS || #3 Puzzle	Puzzle | L	/	
50	Resident Evil 2	PC	Late 2013 - Early 2014	Not Registered	Completed	86	1			#5 PC || #2 Horror	Horror | Adventure	Box | Cover*	
136	Resident Evil - Code: Veronica X	PS2	28/12/2015	15/04/2016	Completed	86	1			#3 Horror || #3 2016c	Horror | Adventure	Box | Cover | Manual	
357	Batman: Arkham Asylum	PS3	24/08/2020	30/08/2020	Completed	86	1	84			Action | Adventure	Box | Cover | Manual	Platinum
297	Batman: Arkham City	PS3	07/05/2019	20/03/2020	Completed	86	1	55			Action | Adventure | OpenWorld	Box | Cover | Manual	GOTY Edition
308	South Park: The Stick of Truth	PS3	17/09/2019	25/09/2019	Completed	86	1				RPG | OpenWorld	Box | Cover | Manual	
344	Uncharted 3: Drake's Deception	PS3	09/06/2020	25/08/2024	Completed	86	1		07:46		Action | Adventure	Box | Cover | Manual	GOTY
319	Falling Skies: The Game	PS3	29/11/2019	26/12/2022	Completed	86	1	100			Strategy | RPG	Box | Cover | Manual	
592	God of War III	PS3	16/03/2023	19/04/2023	Completed	86	1				Action | Adventure	Box | Cover | Manual	
661	Ratchet & Clank: Tools of Destruction	PS3	31/08/2023	27/09/2023	Completed	86	1				Action | Adventure	Box | Cover | Manual	Platinum
829	Condemned 2: Bloodshot	PS3	09/02/2025	02/04/2025	Completed	86	1				Horror	Box | Cover | Manual	
827	Batman: Arkham Origins	PS3	09/02/2025	04/09/2025	Completed	86	1				Action | Adventure | OpenWorld	Box | Cover | Manual	
653	Dishonored	PS4	28/08/2023	10/09/2023	Completed	86	1				Action | Stealth	Box | Cover | Manual	Definitive Edition
662	Dishonored 2	PS4	03/09/2023	06/11/2025	Completed	86	1				Action | Stealth	Box | Cover | Manual	
951	The Evil Within	PS4	28/10/2025	01/01/2026	Completed	86	1				Horror | TPS	Box | Cover | Manual	
56	Burnout Legends	PSP	25/04/2014	Not Registered	Completed	86	1	66		#2 Racing	Racing	Box | Cover*	
180	Silent Hill: Origins	PSP	14/04/2017	17/04/2017	Completed	86	3		07:14	#5 2017a|c || #1 Horror	Horror | Adventure	Box | Cover | Manual	
660	Middle-earth: Shadow of Mordor	PS3	30/08/2023	18/04/2024	Completed	85.5	1				Action | Adventure | OpenWorld	Box | Cover | Manual	
264	Guilty Gear X2 #Reload	PC	11/09/2018	16/09/2018	Completed	85	1			#1 Fighting || #5 2018c	Fighting	Box | Cover	
161	Baldur's Gate: Dark Alliance II	PS2	21/08/2016	22/08/2017	Completed	85	1		11:23	#3 2016a	RPG | Action	/	
727	Odin Sphere	PS2	15/05/2024	20/06/2024	Completed	85	1		27:35		Action | RPG | <3	Box | Cover | Manual	
281	inFamous 2	PS3	07/03/2019	03/04/2020	Completed	85	1	90			Action | Adventure | OpenWorld	Box | Cover | Manual	
542	Resident Evil Revelations 2	PS3	22/09/2022	04/12/2022	Completed	85	1				Horror | TPS	Box | Cover | Manual	
536	Grand Theft Auto IV	PS3	27/08/2022	13/02/2024	Completed	85	1		23:47		Action | Adventure | OpenWorld	Box | Cover | Manual	
64	God Of War: Chains of Olympus	PSP	Late 2013 - Early 2014	Not Registered	Completed	85	3				Action | H&S	Box | Cover | Manual	Platinum
307	Innocent Life	PSP	30/08/2019	17/11/2019	Completed	85	1		28:10:00	GotM Oct19|Nov19	RPG | OpenWorld	/	
237	Super Mario World 2: Yoshi's Island	SNES Classic	27/07/2018	03/09/2018	Completed	85	1		09:09	#5 2018a || #4 SNESc || #4 Platformer || #4 2018c	Platformer	Built-in Console	
961	Touch My Katamari	VITA	19/11/2025	15/02/2026	Completed	85	1	100			Action | Puzzle | L	Box | Cover | Manual	
515	The Legend of Zelda: Link's Awakening	G&W	14/06/2022	02/10/2022	Completed	84.5	1				Action | RPG	Built-In Console	
217	Another Code: Two Memories	NDS	19/05/2018	20/05/2018	Completed	84	1				Puzzle | Adventure	/	
364	Pokemon White	NDS	17/10/2020	23/03/2021	Completed	84	1		20:21		RPG | <3	Box | Cover	
204	Neverwinter Nights: Shadows of Undrentide	PC	26/08/2017	19/09/2017	Completed	84	1				RPG	Box | Cover	Best of Atari
672	Metal Gear Solid	PS Classic	07/11/2023	06/12/2025	Completed	84	1				Action | Stealth	Built-in Console	
517	Metal Gear Solid 3: Snake Eater	PS2	14/07/2022	11/06/2023	Completed	84	1		15:51		Action | Stealth	Box | Cover | Manual	
309	Final Fantasy XIII-2	PS3	17/09/2019	05/01/2020	Completed	84	1		23:12	GotM Dec19	RPG	Box | Cover | Manual	
656	Grand Theft Auto: Episodes from Liberty City	PS3	28/08/2023	07/06/2025	Completed	84	1				Action | Adventure | OpenWorld	Box | Cover | Manual	
654	Ratchet & Clank	PS4	28/08/2023	18/09/2023	Completed	84	2	100			Action | Adventure	Box | Cover | Manual	
1000	Devil May Cry 5	PS4	19/02/2026	04/03/2026	Completed	84	1				Action | H&S	Box | Cover	
32	Burnout Dominator	PSP	02/02/2013	Not Registered	Completed	84	1			#3 Racing	Racing	Box | Cover	
71	Ratchet & Clank: Size Matters	PSP	24/01/2014	Not Registered	Completed	84	1				Action | Adventure	Box | Cover | Manual	Platinum
78	Syphon Filter: Dark Mirror	PSP	26/12/2014	03/01/2015	Completed	84	1			#5 Shooter	Action | TPS	Box | Cover | Manual	Essentials
67	Syphon Filter: Logan's Shadow	PSP	Late 2013 - Early 2014	Not Registered	Completed	84	1				Action | TPS	Box | Cover | Manual	
223	Super Mario World	SNES Classic	27/07/2018	18/08/2018	Completed	84	1	44	02:33	#5 SNESc || #5 Platformer	Platformer	Built-in Console	
52	Football Manager 2010 Handheld	PSP	25/04/2014	/	Null	84	/			#1 Sports	Sports	Box | Cover | Manual	
362	Anno: Create a New World	NDS	28/09/2020	07/09/2021	Completed	83.5	1				Strategy	/	
49	Grand Theft Auto: Vice City Stories	PSP	March 2013	24/09/2019	Completed	83.5	1	37	14:02	GotM Sept19	Action | Adventure | OpenWorld	Box | Cover*	
13	New Super Mario Bros.	NDS	Day 1 2012	Not Registered	Completed	83	1			#3 DS || #2 Platformer	Platformer	/	
258	Mario Kart DS	NDS	22/08/2018	24/08/2018	Completed	83	1			#4 Racing	Racing 	/	
187	Deus Ex: Invisible War	PC	04/07/2017	15/07/2017	Completed	83	1		07:35		FPS | RPG	Box | Cover	PC Gamer
173	Legacy of Kain: Defiance	PC	14/01/2017	02/02/2017	Completed	83	1		14:56		Action | H&S	Box | Cover	Sold Out Software
291	Alone in the Dark: Inferno	PS3	08/04/2019	14/08/2019	Completed	83	1			#4 Horror	Horror | Action	Box | Cover | Manual	
371	Darksiders II	PS3	04/01/2021	21/03/2021	Completed	83	1		19:32		Action | Adventure | OpenWorld	Box | Cover | Manual	First Edition
313	Dungeon Siege 3	PS3	28/10/2019	10/07/2020	Completed	83	1				RPG | Action	Box | Cover 	
444	Metal Gear Solid 4: Guns of the Patriots	PS3	14/12/2021	16/05/2022	Completed	83	1				Action | Stealth	Box | Cover | Manual	
567	Dynasty Warriors 6	PS3	09/01/2023	17/05/2025	Completed	83	1				Action | H&S	Box | Cover | Manual	
997	Dynasty Warriors 6 Empires	PS3	28/01/2026	10/02/2026	Completed	83	2				H&S | Strategy	Box | Cover	
94	Daxter	PSP	30/04/2015	06/05/2015	Completed	83	1	84			Action | Adventure	Box | Cover	Platinum
213	God of War: Ghost of Sparta	PSP	11/04/2018	15/04/2018	Completed	83	1		07:31		Action | H&S	Box | Cover | Manual	
333	X-Men Legends II: Rise of Apocalypse	PSP	02/01/2020	14/03/2020	Completed	83	1		17:20	GotM Mar20	RPG | Action		
390	Resistance: Fall of Man	PS3	14/04/2021	20/06/2021	Completed	82.5	1				FPS	Box | Cover | Manual	
394	Wet	PS3	14/04/2021	06/06/2021	Completed	82.5	1				Action | TPS	Box | Cover | Manual	
618	Assassin's Creed: Brotherhood	PS3 	29/05/2023	14/10/2023	Completed	82.5	1	54	17:05		Action | Adventure | OpenWorld	Box | Cover | Manual	
588	Super Mario Maker	3DS	20/02/2023	12/03/2023	Completed	82	1				Platformer	Box | Cover | Manual	
19	Thrillville: Off The Rails	NDS	Day 1 2012	Not Registered	Completed	82	1			#1 Strategy	Strategy	/	
196	Half-Life: Blue Shift	PC	17/08/2017	10/09/2017	Completed	82	1	100			FPS	/	
141	Tom Clancy's Splinter Cell: Chaos Theory	PC	11/04/2016	24/04/2016	Completed	82	1			#5 2016a|c	Stealth | Action	Box	
108	Ratchet & Clank	PS2	15/09/2015	23/10/2015	Completed	82	1		17:47		Action | Adventure	Box | Cover	Platinum
474	Thrillville: Off The Rails	PS2	08/04/2022	08/06/2022	Completed	82	1				Strategy	Box | Cover | Manual	
663	Ratchet: Gladiator	PS2	17/10/2023	15/03/2024	Completed	82	1				Action | TPS | <3	Box | Cover | Manual	
697	Need for Speed: Most Wanted	PS3	09/12/2023	06/03/2024	Completed	82	1	79			Racing	Box | Cover | Manual	
285	Assassin's Creed: Revelations	PS3	07/03/2019	27/04/2019	Completed	82	1	73	16:56		Action | Adventure | OpenWorld	Box | Cover | Manual	Special Edition
294	LittleBigPlanet 2	PS3	07/05/2019	30/04/2020	Completed	82	1				Platformer	Box | Cover | Manual	
374	Naruto Shippuden: Ultimate Ninja Storm 2	PS3	04/01/2021	03/05/2021	Completed	82	1				Fighting	Box | Cover	Platinum
470	Vanquish	PS3	31/03/2022	29/07/2022	Completed	82	1		03:47		Action | TPS	Box | Cover | Manual	
915	The Darkness II	PS3	09/06/2025	07/09/2025	Completed	82	1				Horror | FPS	Box | Cover | Manual	
143	Skylanders: Giants	Wii	14/06/2016	13/07/2016	Completed	82	1	51		#4 2016a|c || #2 Wii	Action | Adventure	Box | Cover | Manual	
1003	Taiko no Tatsujin: V Version	VITA	27/03/2026	06/06/2026	Completed 	82	1				Party	Box | Cover | Manual	
513	The Legend of Zelda	G&W	14/06/2022	26/06/2022	Completed	81	1				Action | Adventure	Built-In Console	
337	Enslaved: Odyssey to the West	PS3	24/02/2020	26/03/2020	Completed	81	1				Action | Adventure	Box | Cover | Manual	
70	Naruto Shippuden: Ultimate Ninja Heroes 3	PSP	Late 2013 - Early 2014	Not Registered	Completed	81	1			#2 Fighting	Fighting	Box | Cover | Manual	Essentials
216	Secret Agent Clank	PSP	18/05/2018	04/06/2018	Completed	81	1		07:53		Action | Adventure	Box  	
231	Super Castlevania IV	SNES Classic	27/07/2018	16/08/2018	Completed	81	1		02:12		Platformer	Built-in Console	
233	The Legend of Zelda: A Link to the Past	SNES Classic	27/07/2018	15/11/2025	Completed	81	1		10:30		RPG | OpenWorld	Built-in Console	
378	Rayman Origins	Wii	06/02/2021	22/04/2021	Completed	81	1				Platformer  	Box | Cover | Manual	
488	Prince of Persia: The Two Thrones	PS2	22/04/2022	08/09/2022	Completed	80.5	1				Action | Adventure	Box | Cover	
415	Dino Crisis	PS1	26/07/2021	02/10/2021	Completed	80	1		04:55		Horror | Adventure	Box | Cover | Manual	
730	Yakuza	PS2	30/05/2024	04/08/2024	Completed	80	1		12:49		Action | Adventure | OpenWorld	Box | Cover | Manual	
194	Dynasty Warriors 3	PS2	16/08/2017	18/08/2017	Completed	80	1			#5 2016a	Action | H&S	Box | Cover	
295	Burnout Paradise	PS3	07/05/2019	30/07/2019	Completed	80	1		12:33	#5 Racing	Racing | OpenWorld	Box | Cover 	
921	RAGE 2	PS4	19/07/2025	10/03/2026	Completed	80	1				FPS	Box | Cover | Manual	
181	Silent Hill: Shattered Memories	PSP	24/04/2017	28/04/2017	Completed	80	1			#5 Horror	Horror | Adventure	Box | Cover | Manual	
123	Skylanders: Spyro's Adventure	Wii	08/11/2015	05/12/2015	Completed	80	1	41		#3 Wii	Action | Adventure	Box | Cover | Manual	
925	Minecraft	PS3	19/07/2025		Not Completed	80	1				Adventure	Box | Cover | Manual	PS3 Edition
327	Wii Fit Plus	Wii	29/12/2019	/	Null	80	/					Box | Cover | Manual	
439	Borderlands	PS3	02/12/2021	25/01/2023	Completed	79.5	1				FPS | RPG | OpenWorld	Box | Cover*	
552	Onimusha: Warlords	PS2	04/11/2022		Not Completed	79.5	0				Action | H&S	Box | Cover	
548	New Super Mario Bros. 2	3DS	14/10/2022	21/10/2022	Completed	79	1				Platformer	/	
20	Mario vs. Donkey Kong: Mini-Land Mayhem	NDS	Day 1 2012	Not Registered	Completed	79	2			#4 Puzzle	Puzzle	/	
142	Painkiller: Black Edition	PC	14/06/2016	26/06/2016	Completed	79	1				FPS	Box | Cover	
176	Puzzle Quest: Galactrix	PC	28/01/2017	29/06/2017	Completed	79	1	100		#5 Puzzle	RPG | Puzzle	Box | Cover | Manual	
185	The Suffering	PC	04/07/2017	07/07/2017	Completed	79	1				Horror | Action	Box | Cover	
107	Crash Bandicoot 2: Cortex Strikes Back	PS1	07/09/2015	21/03/2016	Completed	79	1	55		#1 PS1	Platformer	Box | Cover 	
526	Need for Speed: The Run	PS3	27/08/2022	12/09/2022	Completed	79	1		02:22		Racing	Box | Cover | Manual	Limited Edition
770	Tomb Raider	PS3	12/09/2024	18/03/2025	Completed	79	1				Action | Adventure	Box | Cover | Manual	
745	InFamous	PS3	23/07/2024	14/10/2025	Completed	79	1				Action | Adventure | OpenWorld	Box | Cover | Manual	Essentials
619	Murdered: Soul Suspect	PS3 	29/05/2023	24/02/2024	Completed	79	1	100			Adventure	Box | Cover | Manual	
918	The Order 1886	PS4	19/07/2025	25/10/2025	Completed	79	1				Action | TPS	Box | Cover | Manual	
82	Gangs Of London	PSP	04/03/2015	07/03/2015	Completed	79	1				Action | Adventure	Box | Cover | Manual	
540	Mario Kart Wii	Wii	22/09/2022	28/06/2023	Completed	79	2				Racing	Box | Cover | Manual	
586	Phantasy Star Portable	PSP	11/02/2023	10/06/2024	Completed	78.5	1				Action | RPG	Box | Cover | Manual	
222	Lunar Genesis	NDS	19/05/2018	03/07/2018	Completed	78	1		20:35		RPG	/	
144	Bionicle Heroes	PS2	20/07/2016	30/07/2016	Completed	78	1	100			TPS | Action	Box | Cover 	
692	Bayonetta	PS3	09/12/2023	21/05/2024	Completed	78	1				Action | H&S	Box | Cover	
744	Diablo III	PS3	23/07/2024	13/12/2024	Completed	78	1				Action | RPG	Box | Cover	
746	Just Cause 2	PS3	23/07/2024	12/01/2026	Completed	78	1	28	14:05		Action | Adventure | OpenWorld	Box | Cover | Manual	
828	Red Faction: Guerilla	PS3	09/02/2025	30/01/2026	Completed	78	1				Action | TPS	Box | Cover | Manual	
63	Ghost Rider	PSP	25/04/2013	Not Registered	Completed	78	1				Action | H&S	Box | Cover*	
960	Toukiden: The Age of Demons	VITA	19/11/2025	24/12/2025	Completed	78	1				Action | RPG | L	Box | Cover | Manual	
92	Need For Speed Nitro	Wii	21/04/2015	03/08/2015	Completed	78	1	77		#4 Wii	Racing	Box | Cover | Manual	
519	Tekken 6	PS3	26/07/2022	28/08/2022	Completed	77.5	1				Fighting	Box | Cover | Manual	Platinum
735	Headhunter Redemption	PS2	30/05/2024	26/04/2026	Completed	77	1				Action | Adventure	Box | Cover | Manual	
393	F.E.A.R.	PS3	14/04/2021	25/01/2022	Completed	77	1				FPS | Horror	Box | Cover | Manual	
691	Assassin's Creed III	PS3	09/12/2023	29/05/2025	Completed	77	1				Action | Adventure | OpenWorld	Box | Cover	
971	Binary Domain	PS3	11/12/2025	22/02/2026	Completed	77	1				TPS	Box | Cover | Manual	
332	Alien Syndrome	PSP	02/01/2020	15/02/2020	Completed	77	1				Action | RPG	Box | Cover | Manual	
228	Donkey Kong Country	SNES Classic	27/07/2018	17/08/2018	Completed	77	1	46	02:33		Platformer	Built-in Console	
125	Donkey Kong Country Returns	Wii	08/11/2015	03/12/2015	Completed	77	1	77		#5 Wii	Platformer	Box | Cover 	
159	Grand Theft Auto: Vice City	PS2	21/08/2016		Not Completed	77	0	11			Action | Adventure | OpenWorld	/	
457	The Saboteur	PS3	19/02/2022	29/10/2024	Completed	76.5	1				Action | Adventure | OpenWorld	Box | Cover | Manual	
906	Super Mario 3D Land	3DS	09/06/2025	01/08/2025	Completed	76	1		05:19		Platformer	Box | Cover	
405	Spider-Man 2	PS2	06/07/2021	06/12/2021	Completed	76	1				Action | Adventure | OpenWorld	Box | Cover | Manual	
345	Skate 3	PS3	09/06/2020	04/07/2020	Completed	76	1			#3 Sports	Sports | OpenWorld	Box | Cover | Manual	Essentials
282	The Darkness 	PS3	07/03/2019	17/03/2019	Completed	76	1			Gotm Mar19 	Horror | FPS	Box | Cover	
568	BlazBlue: Calamity Trigger	PS3	09/01/2023	13/01/2023	Completed	76	1				Fighting	Box | Cover | Manual	
61	50 Cent: Bulletproof G Unit Edition	PSP	25/04/2013	Not Registered	Completed	76	2				Action | Adventure	Box | Cover*	
54	Miami Vice	PSP	25/04/2013	Not Registered	Completed	76	3				TPS	Box | Cover*	
81	Resistance: Retribution	PSP	26/12/2014	13/08/2017	Completed	76	1				TPS	Box | Cover | Manual	Essentials
289	Split/Second: Velocity	PSP	31/03/2019	05/05/2019	Completed	76	1	82		GotM Apr19	Racing	Box | Cover | Manual	Essentials
59	Tony Hawk's Project 8	PSP	25/04/2014	Not Registered	Completed	76	2			#2 Sports	Sports	Box | Cover*	
1	Grand Theft Auto: San Andreas	PS2	Before 2012		Not Completed	76	0				Action | Adventure | OpenWorld	Box | Cover | Manual	
232	Super Mario Kart	SNES Classic	27/07/2018	/	Null	76	/				Racing	Built-in Console	
723	Batman: Arkham Origins - Blackgate	3DS	12/05/2024	04/11/2024	Completed	75.5	1	71	08:59		Action | Adventure	Box | Cover | Manual	
957	Persona 5 Strikers	PS4	02/11/2025	23/11/2025	Completed	75.5	1		23:13		H&S | RPG	Box | Cover | Manual	
312	Dante's Inferno	PS3	17/10/2019	11/11/2019	Completed	75	2	100			Action | <3 | H&S	Box | Cover | Manual	Platinum
328	Resident Evil 6	PS3	01/01/2020	14/04/2020	Completed	75	1		23:00	GotM Jan20	Horror | TPS | <3	Box | Cover | Manual	
437	The Walking Dead	PS3	02/12/2021	14/01/2022	Completed	75	1				Horror | Adventure	Box | Cover | Manual	
445	Kingdom Hearts Final Mix	PS3	14/12/2021	31/01/2024	Completed	75	1		16:30		RPG | OpenWorld	Box | Cover | Manual	-HD 1.5 ReMIX-
593	One Piece: Pirate Warriors	PS3	16/03/2023	30/04/2023	Completed	75	1		08:11		Action | H&S	Box | Cover | Manual	
569	RAGE	PS3	09/01/2023	27/06/2023	Completed	75	1		12:07		FPS | OpenWorld	Box | Cover | Manual	
824	Singularity	PS3	09/02/2025	29/04/2025	Completed	75	1				FPS	Box | Cover | Manual	
1024	God of War: Ascension	PS3	19/05/2026	13/06/2026	Completed	75	1				Action | H&S	Box | Cover | Manual	
910	Uncharted: The Lost Legacy	PS4	09/06/2025	08/10/2025	Completed	75	1				Action | Adventure	Box | Cover | Manual	
22	Assassin's Creed: Bloodlines	PSP	Day 1 2012	Not Registered	Completed	75	2	100			Action | Adventure	Box | Cover	
561	Everybody's Tennis	PSP	25/11/2022	11/01/2023	Completed	75	1				Sports	Box | Cover | Manual	Essentials
350	Metroid Prime 3: Corruption	Wii	08/07/2020		Not Completed	75	0				Action | FPS	Box | Cover | Manual	
21	Pro Evolution Soccer 2010	PSP	Day 1 2012	/	Null	75	/			#4 Sports	Sports	Box | Cover	Platinum
564	Mario & Sonic at the London 2012 Olympic Games	3DS	24/12/2022	01/01/2023	Completed	74.5	1				Sports | <3	Box | Cover | Manual	
274	Dynasty Warriors 5 Xtreme Legends	PS2	09/01/2019	20/02/2019	Completed	74.5	1				Action | H&S	Box | Cover | Manual	
408	James Bond 007: Everything or Nothing	PS2	06/07/2021	25/09/2021	Completed	74.5	1				Action | TPS	Box | Cover | Manual	Platinum
657	Samurai Warriors: Katana	Wii	28/08/2023	19/08/2024	Completed	74.5	1				Action	Box | Cover | Manual	
376	Avatar: The Last Airbender – The Burning Earth	NDS	06/02/2021	24/02/2021	Completed	74	1				Action	Box	
140	Tom Clancy's Splinter Cell: Pandora Tomorrow	PC	11/04/2016	04/05/2016	Completed	74	1				Stealth | Action	Box	
433	Devil Kings	PS2	22/10/2021	23/10/2021	Completed	74	2				Action | H&S	Box | Cover*	
494	Dragonball Z Budokai 2	PS2	22/04/2022	14/06/2022	Completed	74	1				Fighting	Box | Cover | Manual	
153	Freedom Fighters	PS2	21/08/2016	31/08/2016	Completed	74	1				TPS | L	/	
416	Medal of Honor: European Assault	PS2	27/07/2021	14/08/2021	Completed	74	1				FPS	Box | Cover | Manual	
158	Prince of Persia: The Sands of Time	PS2	21/08/2016	12/09/2016	Completed	74	1	100	07:23		Action | Adventure	Box | Cover*	
272	Second Sight	PS2	09/01/2019	19/02/2019	Completed	74	1		06:16		Action | Stealth	Box | Cover | Manual	
342	Shadow Man: 2econd Coming	PS2	14/04/2020	02/05/2020	Completed	74	1				Action | Adventure	Box | Cover | Manual	
201	Star Wars: The Force Unleashed	PS2	26/08/2017	07/09/2017	Completed	74	1		07:03		Action | Adventure	Box | Cover | Manual	Platinum
629	Samurai Warriors	PS2	07/08/2023	26/08/2023	Completed	74	1				Action | H&S	Box | Cover | Manual	
283	Darksiders	PS3	07/03/2019	14/09/2019	Completed	74	1		17:09		Action | Adventure	Box | Cover | Manual	
279	Resident Evil 5	PS3	07/03/2019	15/12/2019	Completed	74	1				Horror | TPS	Box | Cover | Manual	
336	Uncharted: Drake's Fortune	PS3	24/02/2020	07/04/2020	Completed	74	1		07:12		Action | Adventure	Box | Cover | Manual	
584	Prince of Persia	PS3	11/02/2023	22/03/2023	Completed	74	1				Action | Adventure	Box | Cover | Manual	
521	Saints Row 2	PS3	26/07/2022	22/01/2026	Completed	74	1	64	14:14		Action | Adventure | OpenWorld	Box | Cover*	
302	LittleBigPlanet	PSP	25/07/2019	31/08/2019	Completed	74	1				Platformer	Box  	
31	Metal Slug Anthology	PSP	02/02/2013	Not Registered	Completed	74	1	100			Platformer	Box | Cover 	
168	Scarface: Money. Power. Respect.	PSP	21/09/2016	16/01/2017	Completed	74	1			#2 Strategy	Strategy	Box | Cover 	
383	Star Wars: The Force Unleashed	PSP	09/04/2021	18/06/2021	Completed	74	1				Action | Adventure	Box | Cover | Manual	Platinum
958	Uncharted: Golden Abyss	VITA	17/11/2025	28/11/2025	Completed	74	1				Action | Adventure	Box | Cover | Manual	
369	Grand Theft Auto III	PS2	01/12/2020		Not Completed	74	0				Action | Adventure | OpenWorld	Box | Cover | Manual	
518	Street Fighter IV	PS3	26/07/2022		Not Completed	74	0				Fighting	Box | Cover | Manual	
603	One Piece: Unlimited Cruise SP 2	3DS	24/05/2023	21/02/2024	Completed	73.5	1	33			Action | Adventure	/	
907	Yoshi's New Island	3DS	09/06/2025	17/06/2025	Completed	73	1				Platformer	Box | Cover | Manual	
401	Rayman 3	GBA	22/06/2021	30/06/2021	Completed	73	1				Platformer	/	
3	Black	PS2	Before 2012	Not Registered	Completed	73	1				FPS	Box | Cover | Manual	
115	Scooby-Doo! Mystery Mayhem	PS2	15/09/2015	26/09/2015	Completed	73	1				Action | Adventure	Box | Cover | Manual	
544	LEGO Star Wars II: The Original Trilogy	PS2	22/09/2022	30/10/2022	Completed	73	1	55.8	09:27		Action | Adventure	Box | Cover | Manual	
616	Medal of Honor: Frontline	PS2	29/05/2023	22/02/2025	Completed	73	1				FPS	Box | Cover | Manual	
365	Call of Duty: Black Ops	PS3	19/10/2020	03/01/2021	Completed	73	1				FPS	Box | Cover | Manual	
469	Dark Sector	PS3	31/03/2022	25/05/2022	Completed	73	1				Action | TPS	Box | Cover | Manual	
387	Overlord: Raising Hell	PS3	14/04/2021	01/02/2022	Completed	73	1				Action | RPG	Box | Cover | Manual	
823	Bulletstorm	PS3	09/02/2025	26/10/2025	Completed	73	1				FPS	Box | Cover | Manual	
995	Max Payne 3	PS3	28/01/2026	10/04/2026	Completed	73	1				TPS	Box | Cover	
984	The Council	PS4	15/12/2025	06/05/2026	Completed	73	1				Adventure	Box | Cover | Manual	
79	Coded Arms Contagion	PSP	26/12/2014	10/01/2015	Completed	73	1				FPS	Box | Cover | Manual	
76	Crash Tag Team Racing	PSP	26/09/2014	02/10/2014	Completed	73	1	91			Racing	Box | Cover | Manual	Essentials
214	Dragon Ball Z: Shin Budokai	PSP	11/04/2018	08/05/2018	Completed	73	1	16		#3 Fighting	Fighting	Box | Cover	Platinum
90	Mario Party 8	Wii	21/04/2015	11/05/2015	Completed	73	1				Party	Box | Cover 	
126	The Chronicles of Narnia: Prince Caspian	Wii	08/11/2015	18/11/2015	Completed	73	1	91			Action | Adventure	Box | Cover 	
658	Resident Evil: Umbrella Chronicles	Wii	28/08/2023	15/09/2023	Completed	73	1		06:00		FPS	Box | Cover | Manual	
976	Unreal Tournament  	PS2	11/12/2025	03/04/2026	Completed 	73	1	100			FPS	Box | Cover | Manual	
361	Harvest Fishing	NDS	28/09/2020		Not Completed	73	0				RPG	/	
219	Lost in Blue	NDS	19/05/2018		Not Completed	73	0			#3 Strategy	Strategy	/	
452	Resistance 3	PS3	25/01/2022	12/02/2022	Completed	72.5	1				FPS	Box | Cover | Manual	Platinum
598	BEYOND: Two Souls	PS3	05/05/2023	01/10/2023	Completed	72.5	1				Adventure	Box | Cover | Manual	
45	Untold Legends: The Warriors Code	PSP	02/02/2013	Not Registered	Completed	72.5	1				RPG | Action	Box | Cover | Manual	
331	Jak and Daxter: The Lost Frontier	PSP	02/01/2020	18/01/2020	Completed	72.5	1	71	07:10		Action | Adventure	Box | Cover | Manual	
580	Little Battlers eXperience	3DS	11/02/2023	20/12/2025	Completed	72	1		17:26		Action | RPG | OpenWorld	Box | Cover | Manual	
965	Mario Party: Island Tour	3DS	11/12/2025	11/04/2026	Completed	72	1				Party	Box | Cover | Manual	
103	Drawn to Life: The Next Chapter	NDS	23/06/2015	28/06/2015	Completed	72	1				Platformer	/	
208	Mario Party DS	NDS	23/11/2017	21/02/2018	Completed	72	1				Party	/	
674	Oddworld: Abe’s Oddysee	PS Classic	07/11/2023	27/11/2024	Completed	72	1				Platformer	Built-in Console	
139	Tom Clancy's Rainbow Six	PS1	16/03/2016	28/03/2016	Completed	72	1			#2 PS1	FPS | Strategy	Box | Cover | Manual	
278	Extermination	PS2	21/02/2019	09/08/2023	Completed	72	1		03:51		Horror | <3	Box | Cover | Manual	
459	Red Dead Redemption: Undead Nightmare	PS3	21/02/2022	02/11/2023	Completed	72	1				Action | Horror | OpenWorld	Box | Cover | Manual	GOTY
472	The Walking Dead: Season 2	PS3	31/03/2022	08/04/2024	Completed	72	1				Horror | Adventure	Box | Cover | Manual	
388	MotorStorm: Pacific Rift	PS3	14/04/2021	12/03/2022	Completed	72	1		39:16		Racing	Box | Cover | Manual	Platinum
292	Resistance 2	PS3	08/04/2019	01/05/2019	Completed	72	1				FPS	Box | Cover | Manual	
554	Battlefield: Hardline	PS3	04/11/2022	12/05/2023	Completed	72	1				FPS | Stealth	Box | Cover | Manual	
990	Portal	PS3	06/01/2026	24/01/2026	Completed	72	1				Puzzle		Orange Box
57	Fifa Street 2	PSP	25/04/2013	Not Registered	Completed	72	1			#5 Sports	Sports	Box | Cover*	
166	Midnight Club: L.A. Remix	PSP	21/09/2016	22/10/2016	Completed	72	1	89			Racing	Box | Cover | Manual	
46	Sid Meier's Pirates	PSP	02/02/2013	Not Registered	Completed	72	1			#4 Strategy	Strategy	Box | Cover 	
124	Toy Story 3	Wii	08/11/2015	14/12/2015	Completed	72	1				Action | Adventure	Box | Cover | Manual	
116	Yu-Gi-Oh! Capsule Monster Coliseum	PS2	15/09/2015		Not Completed	72	0		08:25	#5 Strategy	Strategy	Box | Cover	
467	Midnight Club: Los Angeles	PS3	16/03/2022		Not Completed	72	0				Racing	Box | Cover | Manual	Complete Ed. | Platinum
750	Pro Evolution Soccer 2013	PS3	11/08/2024	/	Null	72	/				Sports	Box | Cover | Manual	
235	Kirby's Dream Course	SNES Classic	27/07/2018	/	Null	72	/				Sports	Built-in Console	
825	Prototype	PS3	09/02/2025	17/04/2025	Completed	71.5	1				Action | Adventure | OpenWorld	Box | Cover | Manual	
407	Jak X: Combat Racing	PS2	06/07/2021		Not Completed	71.5	0				Racing	Box | Cover | Manual	
673	Mr Driller	PS Classic	07/11/2023	08/11/2023	Completed	71	1				Puzzle	Built-in Console	
198	Naruto: Ultimate Ninja	PS2	26/08/2017	01/09/2017	Completed	71	1		04:50		Fighting	Box | Cover | Manual	
710	Dead Space 3	PS3	02/03/2024	10/10/2024	Completed	71	1				Horror | TPS | Action	Box | Cover | Manual	
758	Metro 2033 Redux	PS4	09/09/2024	13/07/2025	Completed	71	1				FPS | Horror	Box | Cover | Manual	Redux Double Pack
75	Tom Clancy's Rainbow Six Vegas	PSP	26/09/2014	13/10/2014	Completed	71	1				FPS | Strategy	Box | Cover 	Essentials
93	Mario & Sonic at the Olympic Winter Games	Wii	21/04/2015	29/04/2015	Completed	71	1				Sports	Box | Cover 	
417	Burnout 2: Point of Impact	PS2	27/07/2021		Not Completed	71	0				Racing	Box | Cover | Manual	Platinum
242	Street Fighter II Turbo: Hyper Edition	SNES Classic	27/07/2018	/	Null	71	/			#5 Fighting	Fighting	Built-in Console	
423	Lost Planet 2	PS3	19/08/2021	06/02/2022	Completed	70.5	1		6:11		TPS | Action	Box | Cover | Manual	
473	Lost Planet: Extreme Conditions	PS3	08/04/2022	17/08/2022	Completed	70.5	1				Action | TPS	Box | Cover | Manual	
137	House Of The Dead III	PC	01/02/2016	04/02/2016	Completed	70	1				Horror | FPS	Box | Cover	Sold Out Software
186	Reservoir Dogs	PC	04/07/2017	09/07/2017	Completed	70	1				TPS	Box | Cover | Manual	
111	Dog's Life	PS2	15/09/2015	05/10/2015	Completed	70	1				Action | Adventure	Box | Cover | Manual	
427	Medal of Honor: Rising Sun	PS2	19/08/2021	28/11/2021	Completed	70	1				FPS	Box | Cover | Manual	
265	The Sniper 2	PS2	17/10/2018	27/10/2018	Completed	70	1				FPS | <3	Box | Cover | Manual	
553	Prince of Persia: Warrior Within	PS2	04/11/2022	24/11/2022	Completed	70	1				Action | Adventure	Box | Cover	
630	Samurai Warriors Xtreme Legends	PS2	07/08/2023	27/09/2023	Completed	70	1				Action | H&S	Box | Cover | Manual	
740	Zone of the Enders: The 2nd Runner	PS2	26/06/2024	16/10/2024	Completed	70	1				H&S | TPS	Box | Cover | Manual	
340	Assassin's Creed	PS3	14/04/2020	25/04/2020	Completed	70	1			GotM June20	Action | Adventure | OpenWorld	Box | Cover | Manual	
424	Killzone 2	PS3	19/08/2021	23/03/2022	Completed	70	1				FPS	Box | Cover	
425	Killzone 3	PS3	19/08/2021	31/03/2022	Completed	70	1				FPS	Box | Cover	
453	Star Wars: The Force Unleashed	PS3	25/01/2022	16/04/2022	Completed	70	1				Action | Adventure	Box | Cover | Manual	Platinum
785	Mortal Kombat vs DC Universe	PS3	08/11/2024	22/12/2024	Completed	70	1				Fighting	Box | Cover | Manual	
381	Key of Heaven	PSP	03/03/2021	03/08/2021	Completed	70	1				Action | RPG | OpenWorld	Box | Cover | Manual	
68	LEGO Batman	PSP	02/11/2013	Not Registered	Completed	70	1				Action | Adventure	Box | Cover | Manual	
65	Lego Star Wars III	PSP	02/11/2013	Not Registered	Completed	70	1	94			Action | Adventure	Box | Cover | Manual	
84	Ridge Racer	PSP	04/03/2015	27/03/2015	Completed	70	1				Racing	Box | Cover | Manual	
37	Ridge Racer 2	PSP	02/02/2013	Not Registered	Completed	70	1				Racing	Box | Cover 	Platinum
954	Dante's Inferno	PSP	28/10/2025	07/02/2026	Completed	70	1				Action | H&S	Box | Cover | Manual	
243	Star Fox 2	SNES Classic	27/07/2018	03/09/2018	Completed	70	1		00:21		Action	Built-in Console	
430	Wild Earth: African Safari	Wii	19/08/2021	11/11/2021	Completed	70	1				Adventure	Box | Cover | Manual	
693	Call of Duty: Modern Warfare 2	PS3	09/12/2023	21/12/2023	Completed 	70	1	51	06:32		FPS	Box | Cover	
647	Mortal Kombat XL	PS4	23/08/2023	01/07/2025	Completed 	70	1		02:13		Fighting	Box | Cover | Manual	
112	Asterix & Obelix XXL 2: Mission: Las Vegum	PS2	15/09/2015		Not Completed	70	0	62	04:41		Action | Adventure	Box | Cover | Manual	
498	Need for Speed: Most Wanted	PS2	19/05/2022		Not Completed	70	0				Racing	Box | Cover | Manual	
346	Gran Turismo 5	PS3	09/06/2020		Not Completed	70	0				Racing	Box | Cover | Manual	
479	Buzz! Junior: Monster Rumble	PS2	22/04/2022	/	Null	70	/				Party	Box | Cover | Manual	
2	Fifa World Cup 2002	PS2	Before 2012	/	Null	70	/				Sports | L	Box | Cover | Manual	
372	Pro Evolution Soccer 2010	PS3	04/01/2021	/	Null	70	/				Sports	Box | Cover	
359	Virtua Tennis 3	PS3	24/08/2020	/	Null	70	/				Sports  	Box | Cover | Manual	
570	Virtua Tennis 2009	PS3	04/02/2022	/	Null	70	/				Sports	Box	
55	Star Wars Battlefront II	PSP	25/04/2013	29/07/2014	Completed	69.5	1				FPS | TPS	Box | Cover*	
257	The Chronicles of Narnia:The Lion,the Witch and the Wardrobe	GBA	22/08/2018	15/10/2018	Completed	69	1			GotM Oct18	Action | Adventure	/	
262	Pokémon Mystery Dungeon: Blue Rescue Team	NDS	22/08/2018	26/01/2019	Completed	69	1		15:42	GotM Jan19	RPG	/	
261	Pokémon Mystery Dungeon: Explorers of Sky	NDS	22/08/2018	08/03/2019	Completed	69	1				RPG	/	
199	Crash: Mind Over Mutant	PS2	26/08/2017	08/09/2017	Completed	69	1	36	04:34		Platformer | Adventure	Box | Cover | Manual	
449	Devil May Cry	PS2	01/01/2022	18/01/2022	Completed	69	1		04:05		Action | H&S | <3	Box | Cover*	
130	Disney's Donald Duck: PK	PS2	28/12/2015	31/12/2015	Completed	69	1				Action | Adventure	Box | Cover | Manual	
132	Disney's Stitch: Experiment 626	PS2	28/12/2015	12/01/2016	Completed	69	1				Action | Adventure	Box | Cover | Manual	
352	Killzone	PS2	08/07/2020	05/08/2020	Completed	69	1		06:46		FPS	Box | Cover	Platinum
475	The Da Vinci Code	PS2	09/04/2022	02/06/2022	Completed	69	1				Adventure | Puzzle	Box | Cover | Manual	
428	True Crime: Streets of LA	PS2	19/08/2021	24/06/2022	Completed	69	2				Action | Adventure | OpenWorld	Box | Cover | Manual	Platinum
120	50 Cent: Bulletproof	PS2	28/10/2015	21/07/2024	Completed	69	1				TPS	Box | Cover | Manual	Platinum
950	Wild Wild Racing	PS2	28/10/2025	15/06/2026	Completed	69	1				Racing	Box | Cover | Manual	
317	Bionic Commando	PS3	28/10/2019	06/05/2020	Completed	69	1				Action | Adventure	Box | Cover | Manual	
597	Anarchy Reigns	PS3	05/05/2023	24/02/2024	Completed	69	1				Action | H&S	Box | Cover | Manual	
931	F.E.A.R. 2	PS3	20/08/2025	03/10/2025	Completed	69	1				FPS | Horror	Box | Cover 	
938	Red Faction: Armageddon	PS3	01/10/2025	17/04/2026	Completed	69	1				Action | TPS	Box | Cover | Manual	
909	Hidden Agenda	PS4	09/06/2025	30/06/2025	Completed	69	1				Adventure	Box | Cover | Manual	
95	Driver '76	PSP	30/04/2015	27/05/2015	Completed	69	1				Action | Adventure | OpenWorld	Box | Cover | Manual	
236	Kirby Super Star	SNES Classic	27/07/2018	16/09/2018	Completed	69	1	82	03:30		Platformer	Built-in Console	
962	Assassin's Creed III Liberation	VITA	19/11/2025	31/03/2026	Completed	69	1				Action | Adventure	Box | Cover | Manual	
776	de Blob	Wii	12/09/2024	02/11/2025	Completed	69	1				Platformer	Box | Cover | Manual	
605	Scurge: Hive	NDS	24/05/2023		Not Completed	69	0				Action | Adventure	/	
386	Ridge Racer 7	PS3	14/04/2021		Not Completed	69	0				Racing	Box | Cover | Manual	
267	WipeOut Pulse	PSP	21/11/2018		Not Completed	69	0		06:45	GotM Dec18	Racing	Box | Cover | Manual	
775	NBA Street Vol. 2	GCN	12/09/2024	/	Null	69	/				Sports	Box | Cover | Manual	
210	Midway Arcade Treasures	PC	09/01/2018	/	Null	69	/					Box | Cover	
334	NBA Jam	PS3	24/02/2020	/	Null	69	/				Sports	Box | Cover | Manual	
904	NBA 2K12	PS3	21/05/2025	/	Null	69	/				Sports | <3	Box | Cover | Manual	
704	Mario Tennis Open	3DS	09/12/2023	28/12/2023	Completed	68.5	1				Sports	Box | Cover | Manual	
681	Tekken 3	PS Classic	07/11/2023	14/11/2023	Completed	68.5	1				Fighting	Built-in Console	
733	Burnout Dominator	PS2	30/05/2024		Not Completed	68.5	0				Racing	Box | Cover | Manual	
549	Super Monkey Ball 3D	3DS	14/10/2022	22/10/2022	Completed	68	1				Puzzle	/	
514	Zelda II: The Adventure of Link	G&W	14/06/2022	24/08/2022	Completed	68	1				Action | RPG	Built-In Console	
678	Ridge Racer Type 4	PS Classic	07/11/2023	27/11/2024	Completed	68	1				Racing	Built-in Console	
489	Tekken 4	PS2	22/04/2022	29/04/2022	Completed	68	1				Fighting	Box | Cover | Manual	Platinum
591	High School Musical: Sing It!	PS2	16/03/2023	22/03/2023	Completed	68	/				Party	Box | Cover | Manual	
511	Destroy All Humans!	PS2	11/06/2022	19/07/2023	Completed	68	1				Action | TPS	Box | Cover	
763	XIII	PS2	12/09/2024	02/03/2025	Completed	68	1				FPS	Box | Cover | Manual	
385	Mirror's Edge	PS3	14/04/2021	16/03/2022	Completed	68	1				Action | Adventure	Box | Cover	
339	Tom Clancy's Rainbow Six: Vegas 2	PS3	14/04/2020	29/07/2020	Completed	68	1				FPS | Strategy	Box | Cover | Manual	
522	Front Mission Evolved	PS3	16/08/2022	07/05/2023	Completed	68	1				TPS	Box | Cover | Manual	
926	Sonic & Sega All-Stars Racing	PS3	19/07/2025	17/08/2025	Completed	68	1				Racing	Box | Cover	
183	300: March to Glory	PSP	22/06/2017	03/07/2017	Completed	68	1				Action | H&S	Box | Cover | Manual	
382	Manhunt 2	PSP	03/03/2021	26/05/2021	Completed	68	1				Action | Horror | Stealth	Box | Cover | Manual	
287	Medal Of Honor: Heroes	PSP	31/03/2019	02/04/2019	Completed	68	2				FPS 	Box | Cover | Manual	Platinum
587	Phineas & Ferb: Across the 2nd Dimension	PSP	11/02/2023	23/02/2023	Completed	68	1				Platformer	Box | Cover | Manual	
701	Army of Two: The 40th Day	PSP	09/12/2023	16/03/2024	Completed	68	1				Action | Adventure	Box | Cover | Manual	
226	Star Fox	SNES Classic	27/07/2018	31/07/2018	Completed	68	1	33	00:51		Action 	Built-in Console	
959	Resistance: Burning Skies	VITA	17/11/2025	30/11/2025	Completed	68	1				FPS	Box | Cover | Manual	
493	SSX On Tour	PS2	22/04/2022		Not Completed	68	0				Sports	Box | Cover | Manual	
40	Medal Of Honor: Heroes 2	PSP	25/04/2013		Not Completed	68	0				FPS | L	Box 	
299	Metal Gear Ac!d	PSP	19/05/2019		Not Completed	68	0				Strategy	Box | Cover | Manual	
74	SSX On Tour	PSP	26/09/2014		Not Completed	68	0				Sports	Box | Cover | Manual	Essentials
478	Buzz! Junior: Jungle Party	PS2	22/04/2022	/	Null	68	/				Party	Box | Cover | Manual	
583	Disney Sing It: High School Musical 3	PS2	11/02/2023	/	Null	68	/				Party	Box | Cover | Manual	
528	Top Spin 4	PS3	27/08/2022	/	Null	68	/				Sports	Box | Cover | Manual	
761	James Noir's Hollywood Mystery 3D	3DS	12/09/2024	22/09/2024	Completed	67.5	1		05:03		Puzzle	Box | Cover | Manual	
482	Call of Duty: World at War - Final Fronts	PS2	22/04/2022	17/09/2022	Completed	67.5	1				FPS	Box | Cover | Manual	Platinum
620	TRON: Evolution	PSP	29/05/2023	16/10/2023	Completed	67.5	1				Action | Racing	Box | Cover | Manual	
611	LEGO Movie: The VideoGame	3DS	29/05/2023	20/11/2023	Completed	67	0				Action | Adventure	Box | Cover | Manual	
377	Scribblenauts	NDS	06/02/2021	26/09/2022	Completed	67	1				Puzzle	Box | Cover | Manual	
184	Enter The Matrix	PS2	04/07/2017	24/08/2017	Completed	67	1				Action | Adventure	Box | Cover | Manual	
5	Jackie Chan Adventures	PS2	Before 2012	Not Registered	Completed	67	1				Action | Adventure	Box | Cover 	
351	One Piece Grand Adventure	PS2	08/07/2020	17/07/2020	Completed	67	1		01:58		Action | Fighting	Box | Cover | Manual	
512	Codename: Kids Next Door – Operation: V.I.D.E.O.G.A.M.E.	PS2	11/06/2022	01/06/2023	Completed	67	1				Platformer | Adventure	Box | Cover | Manual	
325	Call of Duty 4: Modern Warfare	PS3	06/12/2019	08/06/2020	Completed	67	1				FPS	Box | Cover | Manual	Platinum
438	Call of Duty: Advanced Warfare	PS3	02/12/2021	18/12/2021	Completed	67	1				FPS	Box | Cover | Manual	
293	Warhammer 40k: Space Marine	PS3	08/04/2019	17/04/2020	Completed	67	1				TPS	Box | Cover	
373	X-Men Destiny	PS3	04/01/2021	21/10/2021	Completed	67	1				Action | Adventure	Box | Cover	
182	Aliens vs. Predator: Requiem	PSP	22/06/2017	23/07/2017	Completed	67	1	100			Action | Adventure	Box | Cover | Manual	
96	Need for Speed Carbon: Own the City	PSP	30/04/2015	23/05/2015	Completed	67	1	92	08:09		Racing	Box | Cover | Manual	
47	Spider-Man 2	PSP	02/02/2013	08/12/2021	Completed	67	1				Action | Adventure	Box | Cover 	
30	Tekken Dark Resurrection	PSP	Early 2013	Not Registered	Completed	67	1	100			Fighting	Box | Cover | Manual	Platinum
370	Tom Clancy's Ghost Recon: Advanced Warfighter 2	PSP	01/12/2020	05/02/2021	Completed	67	1	100			TPS | Strategy	Box | Cover | Manual	Essentials
238	Super Ghouls 'n Ghosts	SNES Classic	27/07/2018	03/09/2018	Completed	67	1		01:41		Platformer 	Built-in Console	
726	Speed Racer: The Videogame	NDS	12/05/2024	03/09/2024	Completed 	67	1		02:22		Racing	Box | Cover | Manual	
607	Codename S.T.E.A.M.	3DS	24/05/2023		Not Completed	67	0		07:14		Strategy	/	
451	Lost in Blue 3	NDS	01/01/2022		Not Completed	67	0				Strategy | OpenWorld	/	
146	Sega Superstars Tennis	PS2	20/07/2016		Not Completed	67	0	93			Sports	Box | Cover | Manual	
200	Shinobi	PS2	26/08/2017		Not Completed	67	0				Action | Adventure	Box | Cover | Manual	
772	Stuntman	PS2	12/09/2024		Not Completed	67	0				Action | Racing	Box | Cover	
169	The Lord of the Rings: Tactics	PSP	26/10/2016		Not Completed	67	0	66	06:07		Strategy	Box | Cover | Manual	
499	Singstar '80s	PS2	19/05/2022	/	Null	67	/				Party	Box | Cover | Manual	
263	Fight Night Round 3	PSP	11/09/2018	/	Null	67	/			GotM Nov18 || #4 Fighting	Sports | Fighting	Box | Cover | Manual	
87	Just Dance 3	Wii	21/04/2015	/	Null	67	/				Party	Box | Cover | Manual	
531	Need for Speed: Underground Rivals	PSP	27/08/2022		Not Completed	66.5	0	34	05:55		Racing	Box	
787	FIFA Street	PS3	08/11/2024	/	Null	66.5	/				Sports	Box | Cover | Manual	
589	LEGO Marvel Super Heroes: Universe in Peril	3DS	16/03/2023	12/07/2024	Completed	66	0				Action | Adventure	Box | Cover | Manual	
762	Star Wars: The Force Unleashed II	NDS	12/09/2024	10/02/2025	Completed	66	1		4:24		Action | Adventure	Box | Cover | Manual	
368	Call of Duty: Black Ops	NDS	07/11/2020	24/01/2021	Completed	66	1				FPS | <3	Box | Cover | Manual	
670	Intelligent Qube	PS Classic	07/11/2023	14/12/2023	Completed	66	1				Puzzle	Built-in Console	
682	Tom Clancy’s Rainbow Six	PS Classic	07/11/2023	29/11/2024	Completed	66	1				FPS	Built-in Console	
810	Seek and Destroy	PS2	10/12/2024	07/03/2025	Completed	66	1				Action	Box | Cover | Manual	
324	Call of Duty: World at War	PS3	06/12/2019	05/06/2020	Completed	66	1				FPS	Box | Cover | Manual	
311	Shaun White Skateboarding	PS3	17/09/2019	07/03/2020	Completed	66	1				Sports	Box | Cover	
455	Dead Rising 2: Off the Record	PS3	25/01/2022	07/11/2023	Completed	66	1				Action | Adventure | OpenWorld	Box | Cover | Manual	
705	PlayStation All-Stars Battle Royale	PS3	13/12/2023	26/04/2024	Completed	66	1				Fighting	Box | Cover | Manual	
24	Cars Race-O-Rama	PSP	Day 1 2012	Not Registered	Completed	66	1				Racing	Box  	
367	LEGO Harry Potter Years 1-4	PSP	29/10/2020	16/01/2021	Completed	66	1				Action | Adventure	Box | Cover	
728	Evolve	PS4	15/05/2024	22/06/2024	Completed 	66	1				FPS	Box | Cover | Manual	
595	Racedriver GRID	NDS	16/03/2023		Not Completed	66	0		08:56		Racing		
396	Full Auto 2 Battlelines	PS3	14/04/2021		Not Completed	66	0				Racing | Action	Box | Cover | Manual	
341	Ridge Racer Unbounded	PS3	14/04/2020		Not Completed	66	0				Racing	Box | Cover | Manual	Limited Edition
466	Fuel	PS3	16/03/2022		Not Completed	66	0				Racing	Box | Cover | Manual	
782	Dissidia Final Fantasy NT	PS4	12/09/2024		Not Completed	66	0				Figthing	Box | Cover | Manual	
163	Patapon	PSP	06/09/2016		Not Completed	66	0		08:41		Strategy	Box | Cover | Manual	Essentials
58	Tokobot	PSP	25/04/2014		Not Completed	66	0		02:29		Platformer | Puzzle	Box | Cover*	
429	Call of Duty: World at War	Wii	19/08/2021	08/11/2021	Completed	65.5	1				FPS	Box | Cover	
529	Tom Clancy's EndWar	PSP	27/08/2022		Not Completed	65.5	0				Strategy	Box	
715	Smash Court Tennis 3	PSP	09/04/2024	/	Null	65.5	/				Sports	Box | Cover | Manual	
846	Adventure II	Atari FB3	13/05/2025	19/05/2025	Completed	65	1				Adventure	Built-in	
151	007: Quantum of Solace	PS2	21/08/2016	25/09/2016	Completed	65	1	100	03:39		FPS	/	
114	The SpongeBob SquarePants Movie	PS2	15/09/2015	20/09/2015	Completed	65	1	75			Action | Adventure	Box | Cover	
392	Star Trek  	PS3	14/04/2021	29/03/2025	Completed	65	1				Action | TPS	Box | Cover | Manual	
939	Virtua Fighter 5	PS3	01/10/2025	02/01/2026	Completed	65	1				Fighting	Box | Cover | Manual	
1018	Deadlight	PS4	18/04/2026	28/05/2026	Completed	65	1				Platformer | Horror	Box | Cover	Director's Cut
73	Crash: Mind Over Mutant	PSP	31/07/2014	Not Registered	Completed	65	1	44	09:26		Platformer | Adventure	Box | Cover	Essentials
69	Tom Clancy's Splinter Cell Essentials	PSP	Late 2013 - Early 2014	Not Registered	Completed	65	1				Stealth | Action	Box | Cover | Manual	Platinum
38	Twisted Metal Head-On	PSP	02/02/2013	Not Registered	Completed	65	1				Racing	Box | Cover*	
66	X-Men Origins: Wolverine	PSP	Late 2013 - Early 2014	27/12/2021	Completed	65	1				Action | H&S	Box | Cover | Manual	Essentials
534	Carnival Games Mini Golf	Wii	27/08/2022	19/06/2023	Completed	65	1				Sports | Party	Box | Cover | Manual	
221	Harvest Moon DS: Island of Happiness	NDS	19/05/2018	/	Null	65	/				Adventure | OpenWorld	/	
375	More TouchMaster	NDS	06/02/2021		Null	65	/				Puzzle	Box	
6	Worms 2	PC	Before 2012	/	Null	65	/				Strategy	Box | Cover*	Sold Out Software
731	NBA 08	PS2	30/05/2024	/	Null	65	/				Sports	Box | Cover | Manual	
711	Lumines	PSP	09/04/2024	/	Null	65	/				Puzzle	Box | Cover | Manual	
85	Fifa 10	Wii	21/04/2015	/	Null	65	/				Sports	Box | Cover | Manual	
539	Just Dance 2	Wii	22/09/2022	/	Null	65	/				Party	Box | Cover	
671	Jumping Flash	PS Classic	07/11/2023	14/12/2024	Completed	64	1				Platformer	Built-in Console	
484	Transformers	PS2	22/04/2022	20/08/2025	Completed	64	1				Action | TPS	Box | Cover | Manual	
839	TimeShift	PS3	17/04/2025	07/01/2026	Completed	64	1				FPS	Box | Cover 	
167	Pirates of the Caribbean: At World's End	PSP	21/09/2016	24/12/2016	Completed	64	1	53			Action | Adventure	Box | Cover | Manual	Platinum
525	Lego Pirates of the Caribbean: The Video Game	Wii	16/08/2022	11/08/2024	Completed	64	1	46.3			Action | Adventure	Box | Cover | Manual	
774	Link's Crossbow Training	Wii	12/09/2024	05/11/2024	Completed	64	1				FPS	Box | Cover | Manual	
546	Battleship 	3DS	14/10/2022		Not Completed	64	0				Strategy	Box | Cover | Manual	
211	Super Monkey Ball Touch & Roll	NDS	09/01/2018		Not Completed	64	0				Puzzle	Box | Cover | Manual	
9	Age Of Empires II: The Age of Kings	PC	Before 2012		Not Completed	64	0				Strategy	Box | Cover*	
246	Pitfall: The Lost Expedition	PS2	11/08/2018		Not Completed	64	0	13	00:42		Action | Adventure	Box | Cover 	
160	The Lord of the Rings: The Return of The King	PS2	21/08/2016		Not Completed	64	0	33			Action | Adventure	/	
523	Dragon Ball: Raging Blast 2	PS3	16/08/2022		Not Completed	64	0				Fighting	Box | Cover	
599	MotorStorm Apocalypse	PS3	05/05/2023		Not Completed	64	0				Racing	Box | Cover | Manual	Platinum
234	Mega Man X	SNES Classic	27/07/2018		Not Completed	64	0		00:33		Platformer	Built-in Console	
218	Harvest Moon DS	NDS	19/05/2018	/	Null	64	/				Adventure | OpenWorld	/	
1013	SingStar 90s	PS2	18/04/2026	/	Null	64	/				Party	Box | Cover | Manual	
400	Everybody's Golf	PSP	02/06/2021	/	Null	64	/				Sports	Box | Cover | Manual	PSP The Best
563	Championship Manager	PSP	27/11/2022	/	Null	64	/				Sports	Box | Cover | Manual	
241	Super Punch-Out	SNES Classic	27/07/2018	/	Null	64	/				Sports 	Built-in Console	
404	Toshinden 4	PS1	05/07/2021	10/07/2021	Completed	63	1				Fighting	Box	
613	Call of Duty 2: Big Red One	PS2	29/05/2023	11/03/2024	Completed	63	1				FPS 	Box | Cover | Manual	
917	Abzu	PS4	19/07/2025	03/08/2025	Completed	63	1				Adventure	Box | Cover	
288	Naruto: Ultimate Ninja Heroes 2	PSP	31/03/2019	15/04/2019	Completed	63	1		05:52		Fighting	Box | Cover | Manual	Essentials
602	One Piece: Romance Dawn	3DS	24/05/2023		Not Completed	63	0				RPG	/	
43	Prince Of Persia: Revelations	PSP	02/02/2013		Not Completed	63	0				Action | Adventure	Box | Cover | Manual	
533	Samba de Amigo	Wii	27/08/2022		Not Completed	63	0				Party	Box | Cover | Manual	
972	Ninja Gaiden Sigma 2	PS3	11/12/2025		Not Completed 	63	0				Action | H&S	Box | Cover | Manual	
538	Just Dance	Wii	22/09/2022	/	Null	63	/				Party	Box | Cover	
503	Red Faction II	PS2	19/05/2022	30/06/2022	Completed	62	1				FPS	Box | Cover | Manual	
817	Underworld: The Eternal War	PS2	09/02/2025	08/03/2025	Completed	62	1				Action | Adventure	Box | Cover | Manual	
323	Call of Duty 3	PS3	06/12/2019	27/01/2020	Completed	62	1				FPS	Box | Cover | Manual	
326	Call of Duty: Black Ops II	PS3	06/12/2019	27/06/2020	Completed	62	1				FPS	Box | Cover | Manual	
924	Captain Tsubasa: Rise of New Champions	PS4	19/07/2025	05/10/2025	Completed	62	1				Sports	Box | Cover | Manual	
463	Hot Pixel	PSP	22/02/2022	23/02/2022	Completed	62	1				Puzzle	Box | Cover | Manual	
398	The Con	PSP	02/06/2021	05/11/2021	Completed	62	1				Fighting	Box | Cover | Manual	
240	Contra III: The Alien Wars	SNES Classic	27/07/2018	24/09/2018	Completed	62	1		00:56		Action | Platformer	Built-in Console	
576	Juiced 2: Hot Import Nights	PS3	04/02/2022		Not Completed	62	0				Racing	Box | Cover | Manual	
330	Dynasty Warriors: Strikeforce	PSP	02/01/2020		Not Completed	62	0				Action | RPG	Box | Cover | Manual	
72	Lara Croft - Tomb Raider: Legend	PSP	24/01/2014		Not Completed	62	0				Action | Adventure	Box | Cover | Manual	
192	Monster Hunter Freedom	PSP	11/08/2017		Not Completed	62	0		04:35		RPG	Box	
894	Super Breakout	Atari FB3	13/05/2025	/	Null	62	/					Built-in	
230	F-Zero	SNES Classic	27/07/2018	/	Null	62	/				Racing	Built-in Console	
131	Disney's Tarzan: Freeride	PS2	28/12/2015	30/01/2016	Completed	61	1	58			Action | Adventure	Box | Cover 	
205	FLOW: Urban Dance Uprising	PS2	15/09/2017	18/09/2017	Completed	61	1				Party	Box | Cover | Manual	
698	NeverDead	PS3	09/12/2023	16/02/2025	Completed	61	1				Action | H&S	Box | Cover | Manual	
29	Yu-Gi-Oh! GX Tag Force 3	PSP	Early 2013	Not Registered	Completed	61	1				Puzzle	Box  	
724	X-Men: The Official Game	NDS	12/05/2024	06/09/2024	Completed 	61	1		04:17		Action	Box | Cover | Manual	
34	Viewtiful Joe: Red Hot Rumble	PSP	02/02/2013		Not Completed	61	0				Fighting	Box | Cover 	
803	Risk: Global Domination	PS2	10/12/2024	/	Null	61	/				Strategy	Box | Cover | Manual	
610	Marvel Super Hero Squad: The Infinity Gauntlet	3DS	29/05/2023	08/07/2023	Completed	60	1		02:30		Action | Fighting 	Box | Cover | Manual	
720	Psyvariar	PS2	11/05/2024	21/07/2024	Completed	60	1					Box | Cover | Manual	Complete Edition
421	X Squad	PS2	18/08/2021	18/06/2026	Completed	60	1				Action | TPS	Box | Cover | Manual	
296	Call of Duty: Modern Warfare 3	PS3	07/05/2019	23/08/2019	Completed	60	1				FPS	Box | Cover | Manual	
826	Syndicate	PS3	09/02/2025	26/08/2025	Completed	60	1				FPS	Box | Cover | Manual	
303	Call of Duty: Roads to Victory	PSP	25/07/2019	31/07/2019	Completed	60	1				FPS	Box  	
402	Legend of the Dragon	PSP	05/07/2021	05/08/2021	Completed	60	1				Fighting	Box | Cover | Manual	
48	Open Season	PSP	02/02/2013	04/09/2014	Completed	60	1				Action | Adventure	Box | Cover | Manual	
450	Rayman DS	NDS	01/01/2022		Not Completed	60	0				Platformer	/	
315	Destiny	PS3	28/10/2019		Not Completed	60	0				FPS | OpenWorld	Box | Cover 	
975	Dead or Alive 2	PS2	11/12/2025		Not Completed 	60	0				Fighting	Box | Cover | Manual	
516	Game & Watch: Vermin	G&W	14/06/2022	/	Null	60	/					Built-In Console	
543	Burnout	PS2	22/09/2022		Null	60	/				Racing	Box | Cover | Manual	Platinum
509	Singstar Pop Hits	PS2	19/05/2022	/	Null	60	/				Party	Box | Cover | Manual	
412	Hot Brain	PSP	24/07/2021	/	Null	60	/				Puzzle	Box | Cover | Manual	
16	Ninja Reflex	NDS	Day 1 2012	Not Registered	Completed	59	1				Puzzle	/	
343	Homefront	PS3	09/06/2020	23/06/2020	Completed	59	1				FPS	Box | Cover	
202	Champions of Norrath	PS2	26/08/2017		Not Completed	59	0				RPG | Action	Box | Cover | Manual	
270	Harry Potter and the Order of Phoenix	PSP	21/11/2018		Not Completed	59	0				Action | Adventure	Box | Cover | Manual	
36	Need For Speed: Most Wanted 5-1-0	PSP	02/02/2013		Not Completed	59	0				Racing	Box | Cover | Manual	Platinum
558	FIFA 16	PS3	04/11/2022	/	Null	59	/				Sports	Box | Cover | Manual	
464	Mind Quiz - Exercise Your Brain	PSP	22/02/2022	/	Null	59	/				Puzzle	Box | Cover | Manual	
665	Battle Arena Toshinden	PS Classic	07/11/2023	07/11/2023	Completed	58	1				Fighting	Built-in Console	
193	G-Force	PSP	11/08/2017	04/09/2017	Completed	58	1				Action | Adventure	Box | Cover | Manual	
606	The Amazing Spider-Man 	3DS	24/05/2023		Not Completed	58	0				Action | Adventure	/	
403	Lost Magic	NDS	05/07/2021		Not Completed	58	0				Strategy | RPG	/	
802	The History Channel: Great Battles of Rome	PS2	10/12/2024		Not Completed	58	0				Strategy	Box | Cover | Manual	
508	RTL Winter Games 2007	PS2	19/05/2022	/	Null	58	/				Sports	Box | Cover | Manual	
471	Pro Evolution Soccer 2011	PS3	31/03/2022	/	Null	58	/				Sports		
17	Marvel Nemesis: Rise Of The Imperfects	NDS	Day 1 2012	Not Registered	Completed	57	1	14			Fighting	/	
135	Madagascar	PS2	28/12/2015	07/01/2016	Completed	57	1	92	04:44		Action | Adventure	Box | Cover 	
360	Turok	PS3	24/08/2020	27/04/2022	Completed	57	1				FPS	Box | Cover | Manual	
628	Peter Jackson's King Kong: The Official Game of the Movie	PSP	13/07/2023	03/10/2023	Completed	57	1				Action | Adventure	Box | Cover | Manual	
481	Gran Turismo 3: A-Spec	PS2	22/04/2022		Not Completed	57	0				Racing	Box | Cover | Manual	Platinum
165	Dungeon Siege: Throne of Agony	PSP	06/09/2016		Not Completed	57	0				RPG | Action	Box | Cover | Manual	
157	Athens 2004	PS2	21/08/2016	/	Null	57	/				Sports	/	Platinum
604	Rayman: Raving Rabbids TV Party	NDS	24/05/2023	16/06/2023	Completed	56	1				Party		
190	Freak Out: Extreme Freeride	PC	30/07/2017		Not Completed	56	0				Sports	Box | Cover | Manual	
566	Command & Conquer: Red Alert 3	PS3	09/01/2023		Not Completed	56	0				Strategy | L	Box | Cover | Manual	Ultimate Edition
491	Madden NFL 2003	PS2	22/04/2022	/	Null	56	/				Sports	Box | Cover	
572	Top Spin 3	PS3	04/02/2022	/	Null	56	/				Sports	Box | Cover | Manual	
476	Pro Evolution Soccer 2012	PS3	09/04/2022	/	Null	56	/				Sports	Box | Cover | Manual	
845	Adventure	Atari FB3	13/05/2025	19/05/2025	Completed	55	1				Adventure	Built-in	
537	Disney's Kim Possible: Kimmunicator	NDS	28/08/2022	09/09/2022	Completed	55	1				Platform | <3	Box | Cover | Manual	
590	Pipe Mania	NDS	16/03/2023	18/03/2023	Completed	55	1	26			Puzzle	Box | Cover | Manual	
608	Pirates: Duels on the High Seas	NDS	29/05/2023	14/06/2023	Completed	55	1		04:02		Adventure 	Box | Cover | Manual	
435	Alone in the Dark: The New Nightmare	PS2	22/10/2021		Not Completed	55	0				Horror | Adventure	Box | Cover | Manual	
301	Naruto: Ultimate Ninja Heroes	PSP	25/07/2019		Not Completed	55	0				Fighting	Box | Cover | Manual	
399	Simple 2500 Series Portable Vol. 2: The Tennis	PSP	02/06/2021	/	Null	55	/				Sports	Box | Cover	
305	Buzz!: Quiz World	PSP	30/08/2019	/	Null	55	/				Party	Box	
113	Boogie	PS2	15/09/2015	27/09/2015	Completed	54	1				Party	Box | Cover | Manual	
316	Duke Nukem Forever	PS3	28/10/2019	04/07/2021	Completed	54	1				FPS	Box | Cover | Manual	
535	Star Wars: The Clone Wars – Republic Heroes	Wii	27/08/2022	07/10/2023	Completed	54	1				Action | Adventure	Box | Cover | Manual	
101	Prey	PC	22/06/2015		Not Completed	54	0				FPS	Box | Cover | Manual	
188	Tomb Raider: Chronicles	PC	27/07/2017		Not Completed	54	0		01:57		Action | Adventure	Box | Cover	Sold Out Software
33	GUN Showdown	PSP	02/02/2013		Not Completed	54	0				FPS | L | OpenWorld	Box | Cover | Manual	
215	MX vs. ATV Untamed	PSP	23/04/2018		Not Completed	54	0	12			Racing	Box | Cover | Manual	Essentials
122	Naruto Shippuden: Kizuna Drive	PSP	30/10/2015		Not Completed	54	0		02:59		Fighting	Box | Cover | Manual	Essentials
1004	Freedom Wars	VITA	27/03/2026		Not Completed 	54	0				Action | RPG	Box | Cover | Manual	
760	Pro Evolution Soccer 2011 3D	3DS	12/09/2024	/	Null	54	/				Sports	Box | Cover | Manual	
879	Outlaw	Atari FB3	13/05/2025	/	Null	54	/				Party	Built-in	
679	Super Puzzle Fighter II Turbo	PS Classic	07/11/2023	/	Null	54	/				Puzzle	Built-in Console	
614	Disney Sing It	PS2	29/05/2023	/	Null	54	/				Party	Box | Cover | Manual	
244	Gran Turismo 4 Prologue	PS2	11/08/2018	/	Null	54	/				Racing	Box 	
422	GunPey DS	NDS	19/08/2021	08/09/2021	Completed	53	1				Puzzle	Box | Cover | Manual	
410	Mahjongg DS	NDS	24/07/2021	28/07/2021	Completed	53	1				Puzzle	Box | Cover | Manual	
483	Wreckless: The Yakuza Missions	PS2	22/04/2022	18/09/2022	Completed	53	1				Racing	Box | Cover | Manual	
119	In Cold Blood	PS1	28/10/2015		Not Completed	53	0		00:59	#3 PS1	Action | Adventure	Box | Cover 	
62	Killzone Liberation	PSP	Late 2013 - Early 2014		Not Completed	53	0				Action | Strategy	Box | Cover | Manual	
848	Aquaventure	Atari FB3	13/05/2025	/	Null	53	/					Built-in	
896	Surround	Atari FB3	13/05/2025	/	Null	53	/				Party	Built-in	
617	SSX	PS2	29/05/2023	/	Null	53	/				Sports	Box | Cover | Manual	Platinum
490	Pro Evolution Soccer 5	PS2	22/04/2022	/	Null	53	/				Sports	Box | Cover | Manual	Platinum
594	Pro Evolution Soccer 3	PS2	16/03/2023	/	Null	53	/				Sports		
269	Over the Hedge: Hammy Goes Nuts	PSP	21/11/2018	30/11/2018	Completed	52	1				Action	Box | Cover | Manual	
966	Cubic Ninja	3DS	11/12/2025	01/02/2026	Completed 	52	1				Puzzle | Platformer	Box | Cover | Manual	
821	Myth Makers: Orbs of Doom	PS2	09/02/2025		Not Completed	52	0				Puzzle | Platformer	Box | Cover 	
4	TMNT Mutant Melee	PS2	Before 2012		Not Completed	52	0				Fighting	Box	
384	MotorStorm	PS3	14/04/2021		Not Completed	52	0				Racing	Box | Cover | Manual	
545	Farming Simulator 14	3DS	13/10/2022	/	Null	52	/				<3	Box | Cover | Manual	
547	Fifa 14	3DS	14/10/2022	/	Null	52	/				Sports	Box | Cover | Manual	
260	Metroid Prime Hunters: First Hunt	NDS	22/08/2018	/	Null	52	/				FPS	/	
667	Destruction Derby	PS Classic	07/11/2023	/	Null	52	/				Racing	Built-in Console	
318	Pro Evolution Soccer 08	PS3	28/10/2019	/	Null	52	/				Sports	Box | Cover	
118	Oni	PS2	28/10/2015		Not Completed	51	0				TPS | Action | L	Box | Cover | Manual	
495	MX World Tour	PS2	22/04/2022		Not Completed	51	0				Racing	Box | Cover*	
347	MX vs. ATV Reflex	PS3	09/06/2020		Not Completed	51	0				Racing	Box | Cover | Manual	
411	Zoo Quest - Puzzle Fun	NDS	24/07/2021	27/07/2021	Completed	50	1				Puzzle	Box | Cover | Manual	
462	Echochrome	PSP	22/02/2022		Not Completed	50	0				Puzzle	Box | Cover | Manual	
903	Yar's Revenge	Atari FB3	13/05/2025	/	Null	50	/					Built-in	
796	Strike Force Bowling	PS2	10/12/2024	/	Null	50	/				Sports	Box | Cover | Manual	
577	Gran Turismo 5 Prologue	PS3	04/02/2022		Null	50	/				Racing	Box | Cover | Manual	
44	NBA Live 07	PSP	02/02/2013	/	Null	50	/				Sports	Box | Cover | Manual	
77	Pro Evolution Soccer 2014	PSP	17/10/2014	/	Null	50	/				Sports	Box | Cover | Manual	
179	Pro Evolution Soccer 5	PSP	19/02/2017	/	Null	50	/				Sports	Box	
170	UEFA Euro 2008	PSP	26/10/2016	/	Null	50	/				Sports	Box | Cover | Manual	
89	Wii Sports	Wii	21/04/2015	/	Null	50	/				Sports	Box   	
905	Naruto: Ninja Council - European Version	NDS	09/06/2025		Not Completed	49	0				Action	Box | Cover*	
666	Cool Boarders 2	PS Classic	07/11/2023	/	Null	49	/				Sports	Built-in Console	
847	Air-Sea Battle	Atari FB3	13/05/2025	/	Null	48	/				Action	Built-in	
741	Pool Paradise	PS2	26/06/2024	/	Null	48	/				Sports 	Box | Cover | Manual	
683	Twisted Metal	PS Classic	07/11/2023	17/11/2023	Completed	47	1				Racing	Built-in Console	
864	Fatal Run	Atari FB3	13/05/2025	/	Null	47	/				Racing	Built-in	
784	Turning Point: Fall of Liberty	PS3	08/11/2024	03/05/2025	Completed	45	1				FPS	Box | Cover | Manual	
737	Brothers in Arms: Earned in Blood	PS2	30/05/2024		Not Completed	45	0				FPS	Box | Cover | Manual	
768	Brink	PS3	12/09/2024		Not Completed	45	0				FPS	Box | Cover | Manual	
366	Call of Duty: Black Ops III	PS3	19/10/2020	/	Null	45	/				FPS	Box | Cover | Manual	
86	Pro Evolution Soccer 2010	Wii	21/04/2015	/	Null	45	/				Sports	Box | Cover 	
88	Wii Party	Wii	21/04/2015	/	Null	45	/				Party	Box | Cover | Manual	
609	Tom Clancy's Splinter Cell: Chaos Theory	NDS	29/05/2023		Not Completed	44	0				Stealth | Action	Box | Cover	
80	James Cameron's AVATAR: The Game	PSP	26/12/2014	15/01/2015	Completed	43	1				Action	Box | Cover | Manual	Essentials
138	Fifa 08	PS2	27/02/2016	/	Null	43	/				Sports	Box	
322	Fifa 08	PS3	06/12/2019	/	Null	43	/				Sports	Box | Cover | Manual	
765	LOST	PS3	12/09/2024	12/10/2024	Completed	42	1				Action | Adventure	Box | Cover | Manual	
729	Whiplash	PS2	30/05/2024		Not Completed	42	0				Action | Adventure	Box | Cover | Manual	
857	Circus Atari	Atari FB3	13/05/2025	/	Null	42	/					Built-in	
712	FIFA 09	PSP	09/04/2024	/	Null	42	/				Sports	Box | Cover | Manual	
805	Top Angler	PS2	10/12/2024	/	Null	41	/				Sports	Box | Cover | Manual	
855	Centipede	Atari FB3	13/05/2025	/	Null	40	/					Built-in	
102	The Sims 2: Pets	NDS	23/06/2015	/	Null	40	/					/	
562	Buzz!: The Pop Quiz	PS2	27/11/2022	/	Null	40	/				Party	Box | Cover | Manual	
145	Buzz!: The Music Quiz	PS2	20/07/2016	/	Null	40	/				Party	Box | Cover | Manual	
502	Grand Prix Challenge	PS2	19/05/2022	/	Null	40	/				Racing	Box | Cover | Manual	
251	International Superstar Soccer	PS2	17/08/2018	/	Null	40	/				Sports	Box	
789	Outlaw Golf	PS2	10/12/2024	/	Null	40	0				Sports	Box | Cover | Manual	
877	Night Driver	Atari FB3	13/05/2025	/	Racing	40	/					Built-in	
465	Bodycount	PS3	16/03/2022	22/07/2022	Completed	39	1				FPS | <3	Box | Cover | Manual	
172	SOCOM: U.S. Navy SEALs Tactical Strike	PSP	26/10/2016		Not Completed	39	0				TPS | Strategy	Box | Cover | Manual	
11	Dancing Stage Fever	PS1	Before 2012	/	Null	39	/			#4 PS1	Party 	Manual	
268	Fifa 08	PSP	21/11/2018	/	Null	39	/				Sports	Box | Cover	
18	Sonic Rush	NDS	Day 1 2012		Not Completed	37	0				Platformer	/	
575	F1 2011	PS3	04/02/2022		Null	37	/				Racing	Box | Cover | Manual	
870	Hangman	Atari FB3	13/05/2025	/	Null	36	/				Party	Built-in	
356	Star Wars: Jedi Power Battles	GBA	08/07/2020		Not Completed	35	0				Platformer | Action	/	
480	Buzz! Junior: Ace Racers	PS2	22/04/2022	/	Null	35	/				Party 	Box | Cover | Manual	
571	Formula One Championship Edition	PS3	04/02/2022		Null	35	/				Racing	Box | Cover | Manual	
177	Mystery Places: The Secret of the Hildegards	PC	04/02/2017	20/02/2017	Completed	32	1				Puzzle	Box | Cover	
901	Video Pinball	Atari FB3	13/05/2025	/	Null	32	/				Sports	Built-in	
15	Spider-Man 2	NDS	Day 1 2012		Not Completed	31	0				Platformer	/	
675	Rayman	PS Classic	07/11/2023	02/12/2024	Completed	30	1				Platformer	Built-in Console	
147	The Fast and the Furious	PS2	20/07/2016		Not Completed	30	0	2			Racing	Box | Cover	
276	Fallout: Brotherhood of Steel	PS2	21/02/2019		Not Completed	30	0				RPG | <3 | Action	Box | Cover 	
256	Euro Demo 01/99	PS1	17/08/2018	/	Null	30	/					/	
171	The Sims 2 Pets	PSP	26/10/2016	/	Null	30	/					Box | Cover 	
506	UEFA EURO 2004	PS2	19/05/2022		Null	28	/				Sports	Box | Cover | Manual	
178	Art of Murder: Cards of Destiny	PC	04/02/2017		Not Completed	27	0				Puzzle	Box | Cover | Manual	
625	Fighting Fury	PS2	30/06/2023	/	Null	26	/				Fighting	Box | Cover	
436	Benjamin the Elephant: A Day at the Zoo	NDS	30/10/2021	01/11/2021	Completed	25	1				Puzzle | <3	Box | Cover | Manual	
212	Army Men: Soldiers of Misfortune	NDS	09/01/2018		Not Completed	25	0				TPS	Box | Cover | Manual	
420	Hitman 2: Silent Assassin	PS2	18/08/2021		Not Completed	25	0				Action | Stealth	Box | Cover 	
26	Field Commander	PSP	Day 1 2012		Not Completed	25	0				Strategy	Box | Cover	
42	Lemmings	PSP	02/02/2013		Not Completed	25	0				Strategy	Box | Cover | Manual	Platinum
14	Tangled	NDS	Day 1 2012	Not Registered	Completed	23	1				Adventure	/	
844	3D Tic-Tac-Toe	Atari FB3	13/05/2025	/	Null	23	/				Party	Built-in	
156	Mike Tyson - Heavyweight Boxing	PS2	21/08/2016	/	Null	23	/				Sports	/	
35	Rocky Balboa	PSP	02/02/2013	/	Null	23	/				Sports	Box | Cover*	
581	Zenses Rainforest	NDS	11/02/2023	/	Null	22	/				Puzzle	Box | Cover | Manual	
559	UFC Undisputed 3	PS3	04/11/2022	/	Null	22	/				Sports | Fighting 	Box | Cover | Manual	
1001	Pro Yakyuu Spirits 2015	VITA	27/03/2026	/	Null	22	/				Sports	Box | Cover | Manual	
395	Tony Hawk's Proving Ground	PS3	14/04/2021		Not Completed	21	0				Sports	Box | Cover | Manual	
134	Jetix Puzzle Buzzle	PS2	28/12/2015	/	Null	21	/				Puzzle	Box | Cover 	
209	UFO: Aftermath	PC	09/01/2018		Not Completed	20	0				Strategy	Box | Cover | Manual	
100	Uru: Ages Beyond Myst	PC	22/06/2015		Not Completed	20	0				Puzzle	Box | Cover	Complete Chronicles
99	Uru: The Path Of The Shell	PC	22/06/2015		Not Completed	20	0				Puzzle	Box | Cover	Complete Chronicles
245	Summoner	PS2	11/08/2018		Not Completed	20	0				RPG | L	Box | Cover | Manual	
496	World Racing 2	PS2	19/05/2022		Not Completed	20	0				Racing	Box | Cover | Manual	
431	Tony Hawk's Proving Ground	Wii	19/08/2021		Not Completed	20	0				Sports	Box | Cover	
977	Nobunaga's Ambition: Taishi	PS4	11/12/2025		Not Completed 	20	0				Strategy	Box | Cover | Manual	
83	F1 Grand Prix	PSP	04/03/2015	/	Null	19	/				Racing	Box  	
127	An American Tail	PS2	28/12/2015	17/01/2016	Completed	18	1				Action | Adventure	Box | Cover 	
259	Zoo Tycoon DS	NDS	22/08/2018	/	Null	18	/				Strategy	/	
128	Babe	PS2	28/12/2015		Not Completed	17	0				Puzzle	Box | Cover | Manual	
10	Combat Flight Simulator 3	PC	Before 2012	/	Null	17	/					/	
685	Tomb Raider III: Adventures of Lara Croft	PS1	20/11/2023		Not Completed	15	0				Action | Adventure	Box | Cover | Manual	
477	Age Of Empires II: The Age of Kings	PS2	22/04/2022		Not Completed	15	0				Strategy	Box | Cover | Manual	
25	Pursuit Force	PSP	Day 1 2012		Not Completed	15	0				Racing	Box | Cover 	Essentials
856	Championship Soccer	Atari FB3	13/05/2025	/	Null	15	/				Sports	Built-in	
899	Video Checkers	Atari FB3	13/05/2025	/	Null	15	/					Built-in	
266	Yerevan Drive	PC	24/10/2018	/	Null	15	/				Racing | L	Box | Cover	
152	Crescent Suzuki Racing	PS2	21/08/2016	/	Null	15	/				Racing	/	
504	W Smackdown: Here Comes The Pain	PS2	19/05/2022	/	Null	15	/				Sports | Fighting	Box | Cover | Manual	
505	WWE SmackDown vs. Raw 2007	PS2	19/05/2022	/	Null	15	/				Sports | Fighting	Box | Cover | Manual	
28	The Sims 2 Castaway	PSP	Early 2013		Not Completed	14	0				Strategy	Box | Cover | Manual	
97	The Dark Legions	PC	13/06/2015		Not Completed	13	0				Strategy	Box | Cover	
133	Dr. Dolittle	PS2	28/12/2015	08/02/2016	Completed	12	1	100			Adventure 	Box | Cover	
148	World Wrestling Championship	PS2	20/07/2016	/	Null	12	/				Fighting	Box | Cover | Manual	
191	Alice In Wonderland	PC	30/07/2017	07/08/2017	Completed	11	1	100			Puzzle	Box | Cover	
129	Casper's Scare School	PS2	28/12/2015	28/12/2015	Completed	10	1	100			Action | Adventure	Box | Cover | Manual	
725	Blood Bowl	NDS	12/05/2024	/	Null	10	/					Box | Cover | Manual	
461	Passport to... Rome	PSP	22/02/2022	/	Null	10	/					Box | Cover | Manual	
460	Passport to... Barcelona	PSP	22/02/2022	/	Null	10	/					Box | Cover | Manual	
808	Fruit Machine Mania	PS2	10/12/2024	/	Null	9	/				Party	Box | Cover | Manual	
39	Wall-E	PSP	02/02/2013		Not Completed	7	0				Platformer	Box | Cover | Manual	
783	True Crime: Streets of LA	GCN	17/10/2024		Not Completed		0				Action | Adventure | OpenWorld	Box | Cover | Manual	
669	Grand Theft Auto	PS Classic	07/11/2023		Not Completed		0				Action | Adventure	Built-in Console	
676	Resident Evil Director’s Cut	PS Classic	07/11/2023		Not Completed		0				Horror | Adventure	Built-in Console	
680	Syphon Filter	PS Classic	07/11/2023		Not Completed		0				TPS	Built-in Console	
684	Wild Arms	PS Classic	07/11/2023		Not Completed		0				RPG	Built-in Console	
668	Final Fantasy VII	PS Classic	07/11/2023	/	Not Completed		0				RPG	Built-in Console	
486	Delta Force: Black Hawk Down – Team Sabre	PS2	22/04/2022		Not Completed		0				FPS	Box | Cover | Manual	
363	Final Fantasy X	PS2	15/10/2020		Not Completed		0				RPG | <3	Box | Cover | Manual	Platinum
612	Tom Clancy's Splinter Cell: Chaos Theory	PS2	29/05/2023		Not Completed		0				Action | Stealth	Box | Cover | Manual	Platinum
615	Tom Clancy's Splinter Cell: Pandora Tomorrow	PS2	29/05/2023		Not Completed		0				Action | Stealth	Box | Cover | Manual	
380	Final Fantasy X-2	PS2	21/02/2021		Not Completed		0				RPG | <3	Box | Cover | Manual	Platinum
501	Final Fantasy XII	PS2	19/05/2022		Not Completed		0				RPG	Box | Cover | Manual	
507	Gran Turismo 4	PS2	19/05/2022		Not Completed		0				Racing	Box | Cover | Manual	
277	Half-Life	PS2	21/02/2019		Not Completed		0				FPS | <3	Box | Cover 	
485	Mortal Kombat: Deception	PS2	22/04/2022		Not Completed		0				Fighting	Box | Cover	
510	Need for Speed: Underground	PS2	20/05/2022		Not Completed		0				Racing	Box | Cover	
622	Tekken Tag Tournament	PS2	30/06/2023		Not Completed		0				Fighting	Box | Cover	Platinum
623	Jak 3	PS2	30/06/2023		Not Completed		0				Action | Adventure	Box | Cover | Manual	Platinum
791	Tank Elite	PS2	10/12/2024		Not Completed		0				Action	Box | Cover | Manual	
793	Arthur and the Minimoyes	PS2	10/12/2024		Not Completed		0				Action | Adventure	Box | Cover | Manual	
797	King of Clubs	PS2	10/12/2024		Not Completed		0				Sports	Box | Cover | Manual	
799	Combat Ace	PS2	10/12/2024		Not Completed		0				Action	Box | Cover | Manual	
800	Tony Hawk's Downhill Jam	PS2	10/12/2024		Not Completed		0				Sports	Box | Cover | Manual	
801	Anubis II	PS2	10/12/2024		Not Completed		0				Platformer	Box | Cover	
804	Tony Hawk's Pro Skater 4	PS2	10/12/2024		Not Completed		0				Sports	Box | Cover | Manual	
807	Outlaw Golf 2	PS2	10/12/2024		Not Completed		0				Sports	Box | Cover | Manual	
809	Ghost Recon: Jungle Storm	PS2	10/12/2024		Not Completed		0				FPS | Strategy	Box | Cover | Manual	
811	Naval Ops: Warship Gunner	PS2	10/12/2024		Not Completed		0				Action	Box | Cover | Manual	
812	National Geographic: Safari Adventures Africa	PS2	10/12/2024		Not Completed		0				Adventure	Box | Cover | Manual	
624	Rayman Revolution	PS2	30/06/2023		Not Completed		0				Platformer	Box	
626	Worms Forts: Under Siege	PS2	30/06/2023		Not Completed		0				Strategy	Box | Cover	
500	Rogue Ops	PS2	19/05/2022		Not Completed		0				Action | Stealth	Box	
551	Kingdom Hearts II	PS2	04/11/2022		Not Completed		0				Action | RPG 	Box | Cover | Manual	
271	Star Trek Encounters	PS2	09/01/2019		Not Completed		0				Adventure	Box | Cover | Manual	
273	Syphon Filter: The Omega Strain	PS2	09/01/2019		Not Completed		0				TPS	Box | Cover | Manual	
948	The Sum of All Fears	PS2	28/10/2025		Not Completed		0					Box | Cover | Manual	
949	Fifa Street 2	PS2	28/10/2025		Not Completed		0				Sports	Box | Cover | Manual	
253	Theme Park World	PS2	17/08/2018		Not Completed		0				Strategy	Box	
487	Tony Hawk's American Wasteland	PS2	22/04/2022		Not Completed		0				Sports	Box | Cover	
634	Dynasty Warriors 2	PS2	07/08/2023		Not Completed		0				Action | H&S	Box | Cover | Manual	
635	Dynasty Warriors 3 Xtreme Legends	PS2	07/08/2023		Not Completed		0				Action | H&S	Box | Cover | Manual	
636	Dynasty Warriors 4	PS2	07/08/2023		Not Completed		0				Action | H&S	Box | Cover | Manual	
637	Dynasty Warriors 4 Xtreme Legends	PS2	07/08/2023		Not Completed		0				Action | H&S	Box | Cover | Manual	
638	Dynasty Warriors 4 Empires	PS2	07/08/2023		Not Completed		0				Action | H&S	Box | Cover | Manual	
639	Dynasty Warriors 5	PS2	07/08/2023		Not Completed		0				Action | H&S	Box | Cover | Manual	
1049	American Dragon: Jake Long	GBA	21/07/2026		Not Completed		0				Platformer	/	
1050	Peter Jackson's King Kong: The Official Game of the Movie	NDS	21/07/2026		Not Completed		0				Action | Adventure	Box | Cover | Manual	
1051	Mahjong	NDS	21/07/2026		Null		/				Puzzle	Box | Cover | Manual	
1052	Mahjong Quest: Expeditions	NDS	21/07/2026		Null		/				Puzzle	Box | Cover | Manual	
1053	Mahjong: A Journey Around the World	NDS	21/07/2026		Null		/				Puzzle	Box | Cover | Manual	
1054	Need for Speed: The Run	3DS	21/07/2026		Not Completed		0				Racing	/	
1055	Cars 2	3DS	21/07/2026		Not Completed		0				Racing	/	
1056	Nintendogs + Cats: Golder Retreiver and New Friends	3DS	21/07/2026		Null		/				Party	/	
1057	Spy Hunter	3DS	21/07/2026		Not Completed		0				Racing	/	
1058	Lego City Undercover: The Chase Begins	3DS	21/07/2026		Not Completed		0				Adventure	/	
1059	New Art Academy	3DS	21/07/2026		Null		/				Party	/	
1060	Mario Kart 7	3DS	21/07/2026	24/08/2026	Completed	79	2				Racing	/	
1061	I Love My Dogs	3DS	21/07/2026		Null		/				Party	/	
1062	FIFA 12	3DS	21/07/2026		Null		/				Sports	/	
1063	Around the World with Hello Kitty and Friends	3DS	21/07/2026		Not Completed		0				Puzzle	/	
1064	Pinball Hall of Fame 3D	3DS	21/07/2026	/	Null	65	/				Party	/	
1065	WWE All-Stars	3DS	21/07/2026		Not Completed		0				Fighting	/	
1066	Jewel Quest Mysteries: The Seventh Gate	3DS	21/07/2026		Not Completed		0				Puzzle	/	
640	Dynasty Warriors 5 Empires	PS2	07/08/2023		Not Completed		0				Action | H&S	Box | Cover | Manual	
641	Kessen	PS2	07/08/2023		Not Completed		0				Strategy	Box | Cover | Manual	
642	Dynasty Tactics	PS2	07/08/2023		Not Completed		0				Strategy	Box | Cover | Manual	
1075	Asterix & Obelix XXL: Romastered	PS4	28/08/2026		Not Completed		0				Action | Adventure	Box | Cover | Manual	
643	Dynasty Tactics 2	PS2	07/08/2023		Not Completed		0				Strategy	Box | Cover | Manual	
732	Zathura	PS2	30/05/2024		Not Completed		0				Action | Adventure	Box | Cover | Manual	
734	Legend of Kay	PS2	30/05/2024		Not Completed		0				Action | Adventure	Box | Cover 	
818	Forgotten Realms: Demon Stone	PS2	09/02/2025		Not Completed		0				Action | RPG	Box | Cover | Manual	
819	Furry Tales	PS2	09/02/2025		Not Completed		0				Strategy	Box | Cover	
820	Mercenaries 2: World in Flames	PS2	09/02/2025		Not Completed		0				Action | Adventure	Box | Cover 	
822	Naruto Uzumaki Chronicles 2	PS2	09/02/2025		Not Completed		0				Fighting	Box | Cover | Manual	
736	Tom Clancy's Ghost Recon Advanced Warfighter	PS2	30/05/2024		Not Completed		0				FPS | Strategy	Box | Cover | Manual	
434	Warriors Orochi	PS2	22/10/2021		Not Completed		0				Action | H&S	Box | Cover | Manual	
738	Spider-Man	PS2	26/06/2024		Not Completed		0				Action | Adventure	Box | Cover | Manual	
739	Cold Winter	PS2	26/06/2024		Not Completed		0				FPS	Box | Cover | Manual	
206	Harry Potter and the Order of Phoenix	PS2	15/09/2017		Not Completed		0				Action | Adventure	Box | Cover 	
836	Tomb Raider: Angel of Darkness	PS2	22/03/2025		Not Completed		0				Action | Adventure		
250	Need for Speed: Underground 2	PS2	17/08/2018		Not Completed		0				Racing	Box	
766	24: The Game	PS2	12/09/2024		Not Completed		0				TPS	Box | Cover | Manual	
767	Broken Sword: The Sleeping Dragon	PS2	12/09/2024		Not Completed		0				Adventure	Box | Cover	
771	Mission: Impossible - Operation Surma	PS2	12/09/2024		Not Completed		0				Action | Adventure | Stealth	Box | Cover | Manual	
911	Driv3r	PS2	09/06/2025		Not Completed		0				Action | Adventure	Box | Cover	
773	The Dukes of Hazard: Return of the General Lee	PS2	12/09/2024		Not Completed		0				Racing	Box | Cover | Manual	
931	Naruto Shippuden: Ultimate Ninja 5	PS2	19/07/2025		Not Completed		0				Fighting	Box | Cover	
1005	Call of Duty 3	PS2	03/04/2026		Not Completed		0				FPS	Box | Cover | Manual	Platinum
1006	Smuggler's Run 2: Hostile Territory	PS2	03/04/2026		Not Completed		0				Racing	Box | Cover | Manual	
1007	The Getaway	PS2	03/04/2026		Not Completed		0				Action | Adventure	Box | Cover | Manual	Platinum
1008	The Getaway: Black Monday	PS2	03/04/2026		Not Completed		0				Action | Adventure	Box | Cover | Manual	
1009	Haven: Call Of The King	PS2	03/04/2026		Not Completed		0				Action | Adventure	Box | Cover | Manual	
1010	Cel Damage Overdrive	PS2	03/04/2026		Not Completed		0				Racing	Box | Cover | Manual	
1012	Leisure Suit Larry: Magna Cum Laude	PS2	18/04/2026		Not Completed	60	0				Adventure	Box | Cover | Manual	
953	Unreal Tournament 3	PS3	28/10/2025		Not Completed		0				FPS  	Box | Cover | Manual	
913	One Piece: Pirate Warriors 2	PS3	09/06/2025	19/09/2026	Completed	84	2				Action | H&S	Box | Cover | Manual	
914	Injustice: Gods Among Us	PS3	09/06/2025		Not Completed		0				Fighting	Box | Cover | Manual	
443	Doom 3: BFG Edition	PS3	14/12/2021		Not Completed		0				FPS | Horror	Box | Cover | Manual	
555	Far Cry 4	PS3	04/11/2022	10/09/2026	Completed	77	1				FPS	Box | Cover | Manual	
560	Watch Dogs 	PS3	04/11/2022	26/06/2026	Completed	71	1				Action | Adventure	Box | Cover | Manual	
440	Game of Thrones: The Game	PS3	02/12/2021		Not Completed		0				RPG	Box | Manual	
419	Haze	PS3	18/08/2021		Not Completed		0				FPS	Box | Cover 	
446	Kingdom Hearts Re:Chain of Memories	PS3	14/12/2021		Not Completed		0				RPG	Box | Cover | Manual	-HD 1.5 ReMIX-
838	MindJack	PS3	17/04/2025		Not Completed		0				Action | TPS	Box | Cover 	
840	Conflict: Denied Ops	PS3	17/04/2025		Not Completed		0				FPS	Box | Cover 	
841	Legendary	PS3	17/04/2025		Not Completed		0				FPS	Box | Cover 	
842	Hitman: Absolution	PS3	17/04/2025		Not Completed		0				Action | Stealth	Box | Cover 	
843	Risen 2: Dark Waters	PS3	17/04/2025		Not Completed		0				RPG	Box | Cover 	
786	Diablo III: Reaper of Souls	PS3	08/11/2024		Not Completed		0				Action | RPG	Box | Cover | Manual	Ultimate Evil Edition
286	Mass Effect 3	PS3	07/03/2019		Not Completed		0				RPG | TPS	/	
573	Need for Speed: Carbon	PS3	04/02/2022		Not Completed		0				Racing	Box | Cover | Manual	
574	James Cameron's AVATAR: The Game	PS3	04/02/2022		Not Completed		0				Action | Adventure	Box | Cover | Manual	
338	Need for Speed: ProStreet	PS3	14/04/2020		Not Completed		0				Racing	/	
742	Crysis 2	PS3	23/07/2024		Not Completed		0				FPS	Box | Cover | Manual	
743	Crysis 3	PS3	23/07/2024		Not Completed		0				FPS	Box | Cover | Manual	Hunter Edition
748	Dragon Age II	PS3	23/07/2024		Not Completed		0				RPG	Box | Cover	
527	Payday 2	PS3	27/08/2022		Not Completed		0				FPS	Box | Cover | Manual	Essentials
1014	Sniper Elite V2	PS3	18/04/2026		Not Completed		0				FPS	Box | Cover	
1015	Naruto Shippuden: Ultimate Ninja Storm Generations	PS3	18/04/2026		Not Completed		0				Fighting	Box | Cover	
468	Tom Clancy's Splinter Cell: Double Agent	PS3	16/03/2022		Not Completed		0				Stealth | Action | <3	Box | Cover	
987	Half-Life 2	PS3	06/01/2026		Not Completed		0				FPS		Orange Box
988	Half-Life 2: Episode One	PS3	06/01/2026		Not Completed		0				FPS		Orange Box
989	Half-Life 2: Episode Two	PS3	06/01/2026		Not Completed		0				FPS		Orange Box
600	Tom Clancy's Splinter Cell: Blacklist	PS3	05/05/2023		Not Completed		0				Stealth | Action	Box | Cover | Manual	
1032	Fallout: New Vegas Ultimate Edition	PS3	20/06/2026		Not Completed		0				RPG	Box | Cover | Manual	Essentials
601	Inversion	PS3	05/05/2023		Not Completed		0				Action | TPS	Box | Cover | Manual	
655	Mass Effect 2	PS3	28/08/2023		Not Completed		0				TPS | RPG	Box | Cover | Manual	
389	Stormrise	PS3	14/04/2021		Not Completed		0				Strategy	Box | Cover | Manual	
456	The Elder Scrolls IV: Oblivion	PS3	19/02/2022		Not Completed		0				RPG	Box | Cover | Manual	GOTY
578	Dynasty Warriors Strikeforce	PS3	11/02/2023		Not Completed		0				Action | H&S	Box | Cover | Manual	
927	Tom Clancy's Splinter Cell	PS3	19/07/2025		Not Completed		0				Action | Stealth	Box | Cover	PS3 Trilogy
928	Tom Clancy's Splinter Cell: Pandora Tomorrow	PS3	19/07/2025		Not Completed		0				Action | Stealth	Box | Cover	PS3 Trilogy
929	Tom Clancy's Splinter Cell: Chaos Theory	PS3	19/07/2025		Not Completed		0				Action | Stealth	Box | Cover	
749	LittleBigPlanet	PS3	11/08/2024		Not Completed		0				Platformer	Box | Cover | Manual	
769	XCOM: Enemy Unknown	PS3	12/09/2024		Not Completed		0				Strategy	Box | Cover | Manual	
940	GoldenEye 007 Reloaded	PS3	01/10/2025		Not Completed		0				FPS	Box | Cover | Manual	
941	Medal of Honor	PS3	01/10/2025		Not Completed		0				FPS	Box | Cover | Manual	
942	Dragon Age: Inquisition	PS3	01/10/2025		Not Completed		0				RPG	Box | Cover | Manual	
1016	Kingdom Come Deliverance	PS4	18/04/2026		Not Completed		0				RPG	Box | Cover	Royal Edition
1017	Dishonored: Death of the Outsider	PS4	18/04/2026	19/07/2026	Completed	76	1				Action | Stealth	Box | Cover	
1019	Zombi	PS4	18/04/2026		Not Completed		0				Action | Horror	Box | Cover | Manual	
1020	The Evil WIthin 2	PS4	18/04/2026		Not Completed		0				Horror | TPS	Box | Cover | Manual	
952	Metro Exodus	PS4	28/10/2025		Not Completed		0				FPS | Horror	Box | Cover | Manual	
932	Horizon Zero Dawn	PS4	20/08/2025		Not Completed		0				Action | Adventure	Box | Cover 	
933	The Last Guardian	PS4	20/08/2025		Not Completed		0				Action | Adventure	Box | Cover 	
919	Dying Light	PS4	19/07/2025		Not Completed		0				Action | Adventure	Box | Cover | Manual	
920	Borderlands 3	PS4	19/07/2025		Not Completed		0				FPS | RPG	Box | Cover	
922	Star Wars Jedi: Fallen Order	PS4	19/07/2025		Not Completed		0				Action | Adventure	Box | Cover | Manual	
923	Republique	PS4	19/07/2025		Not Completed		0				Action | Adventure | Stealth	Box | Cover	
717	Metal Gear Survive	PS4	03/05/2024		Not Completed		0				Horror | Action	Box | Cover 	
777	Just Cause 3	PS4	12/09/2024		Not Completed		0				Action | Adventure | OpenWorld	Box | Cover | Manual	
778	Fade to Silence	PS4	12/09/2024		Not Completed		0				Action | Adventure	Box | Cover | Manual	
779	Final Fantasy XV	PS4	12/09/2024		Not Completed		0				RPG	Box | Cover | Manual	
780	XCOM 2	PS4	12/09/2024		Not Completed		0				Strategy	Box | Cover | Manual	
781	Dolmen	PS4	12/09/2024		Not Completed		0				Action | RPG	Box | Cover | Manual	
718	Anthem	PS4	11/05/2024		Not Completed		0				Action | RPG	Box | Cover | Manual	
719	Balan Wonderworld	PS4	11/05/2024		Not Completed		0				Platformer	Box | Cover | Manual	
943	Code Vein	PS4	01/10/2025		Not Completed		0				Action | RPG	Box | Cover | Manual	
944	Shadows Awakening	PS4	01/10/2025		Not Completed		0				Action | RPG	Box | Cover | Manual	
945	inFamous: Second Son	PS4	01/10/2025		Not Completed		0				Action | Adventure	Box | Cover | Manual	
946	Dragon Quest Heroes: The World Tree's Woe and the Blight Below	PS4	01/10/2025		Not Completed		0				Action | H&S	Box | Cover | Manual	
1021	Patapon 2	PSP	18/04/2026		Not Completed		0				Strategy	Box	
813	Star Wars Battlefront: Renegade Squadron	PSP	09/02/2025		Not Completed		0				Action | TPS	Box | Cover | Manual	
814	Star Wars Battlefront: Elite Squadron	PSP	09/02/2025		Not Completed		0				Action | TPS	Box | Cover	
815	Marvel Super Hero Squad	PSP	09/02/2025		Not Completed		0				Action | Adventure	Box | Cover | Manual	
532	Crisis Core: Final Fantasy VII	PSP	27/08/2022		Not Completed		0				Action | RPG	/	
714	Super Monkey Ball Adventure	PSP	09/04/2024		Not Completed		0				Platformer	Box | Cover | Manual	
225	Final Fantasy III	SNES Classic	27/07/2018		Not Completed		0				RPG	Built-in Console	
229	Secret of Mana	SNES Classic	27/07/2018		Not Completed		0				RPG	Built-in Console	
912	SSX Blur	Wii	09/06/2025		Not Completed		0				Sports	Box | Cover | Manual	
963	Driver: Renegade 3D	3DS	11/12/2025	23/07/2026	Completed 	68	1				Action | Racing	Box | Cover | Manual	
964	Dead or Alive: Dimensions	3DS	11/12/2025		Not Completed 		0				Fighting	Box | Cover | Manual	
700	Jak and Daxter: The Precursor Legacy	PS2	09/12/2023		Not Completed 		0				Action | Adventure	Box | Cover | Manual	Essentials
974	Max Payne	PS2	11/12/2025		Not Completed 		0				TPS	Box | Cover | Manual	
1027	Devil May Cry 2	PS2	30/05/2026	01/07/2026	Completed	69	1				Action | H&S	Box | Cover	
695	Dead Island	PS3	09/12/2023		Not Completed 		0				Action | RPG | Horror	Box | Cover	
830	Alpha Protocol	PS3	08/03/2025		Not Completed 		0				Action | RPG	Box | Cover	
831	Army of Two	PS3	08/03/2025		Not Completed 		0				TPS	Box | Cover	
832	Dragon Age: Origins	PS3	08/03/2025		Not Completed 		0				RPG	Box | Cover	
833	Damnation	PS3	08/03/2025		Not Completed 		0				TPS	Box | Cover	
834	Dark Void	PS3	08/03/2025		Not Completed 		0				TPS	Box | Cover	
835	Hunted: The Demon's Forge	PS3	08/03/2025		Not Completed 		0				Action | Adventure	Box | Cover	
955	Yakuza 3	PS3	02/11/2025		Not Completed 		0				Action | Adventure	Box | Cover | Manual	
973	Heavenly Sword	PS3	11/12/2025		Not Completed 		0				Action | Adventure	Box | Cover | Manual	
982	Bladestorm: The Hundred Years' War	PS3	15/12/2025		Not Completed 		0				H&S | Strategy	Box | Cover | Manual	
991	Mafia II	PS3	28/01/2026		Not Completed 		0				Action | Adventure	Box | Cover	
992	Battlefield: Bad Company	PS3	28/01/2026		Not Completed 		0				FPS	Box | Cover	
993	Battlefield: Bad Company 2	PS3	28/01/2026		Not Completed 		0				FPS	Box | Cover	Platinum
994	Lord of the Rings: War in the North	PS3	28/01/2026		Not Completed 		0				Action | RPG	Box | Cover	
996	Assassin's Creed: Rogue	PS3	28/01/2026		Not Completed 		0				Action | Adventure | OpenWorld	Box | Cover	
998	Wanted: Weapons of Fate	PS3	28/01/2026		Not Completed 		0				TPS	Box | Cover	
999	Kane & Lynch: Dead Man	PS3	28/01/2026		Not Completed 		0				TPS	Box | Cover	
1025	Monsters vs Aliens	PS3	19/05/2026	15/08/2026	Completed	66	1				Action | Adventure	Box | Cover	
1026	One Piece: Unlimited World Red	PS3	19/05/2026		Not Completed 		0				Action | Adventure	Box | Cover | Manual	
1029	Vampire Rain: Altered Species 	PS3	30/05/2026		Not Completed 		0				Stealth | Adventure	Box | Cover | Manual	
1030	Mobile Suit Gundam: Target in Sight	PS3	30/05/2026		Not Completed 		0				Action	Box | Cover	
645	Borderlands: The Pre-Sequel!	PS4	23/08/2023	06/08/2026	Completed	85	1				FPS | RPG	Box | Cover | Manual	Handsome Collection
646	The Witcher III: Wild Hunt	PS4	23/08/2023		Not Completed 		0				RPG	Box | Cover | Manual	
1033	Silent Hill 2 HD	PS3	01/07/2026		Not Completed 		0				Horror | Adventure	Box | Cover | Manual	HD Collection
648	Watch Dogs 2	PS4	23/08/2023		Not Completed 		0				Action | Adventure	Box | Cover | Manual	
721	For Honor	PS4	12/05/2024	14/09/2026	Completed	66	1				Action	Box | Cover | Manual	
1067	Dragon Ball Z: Ultimate Tenkaichi	PS3	08/08/2026		Not Completed 		0				Fighting	Box | Cover | Manual	
1068	Time Crisis 4	PS3	08/08/2026		Not Completed 		0				FPS	Box | Cover	
1069	Soulcalibur V	PS3	08/08/2026		Not Completed 		0				Fighting	Box | Cover | Manual	Fighting Edition
1070	Tekken Tag Tournament 2	PS3	08/08/2026		Not Completed 		0				Fighting	Box | Cover | Manual	Fighting Edition
1071	Red Faction	PS2	08/08/2026		Not Completed 		0				FPS	Box | Cover | Manual	Platinum
1072	Harvest Moon: Mad Dash	PS4	08/08/2026		Not Completed 		0				Adventure	Box | Cover | Manual	
1073	Sega Mega Drive Ultimate Collection	PS3	08/08/2026	/	Null	70	/				Party	Box | Cover | Manual	
1074	Super Smash Bros. Brawl	Wii	08/08/2026		Not Completed 		0				Fighting	Box | Cover | Manual	
722	Fist of the North Star: Lost Paradise	PS4	12/05/2024		Not Completed 		0				Action | RPG	Box | Cover | Manual	
650	Far Cry 4	PS4	23/08/2023	07/09/2026	Completed	88	1				FPS	Box | Cover | Manual	
651	Mass Effect: Andromeda	PS4	23/08/2023		Not Completed 		0				RPG | TPS	Box | Cover | Manual	
652	Grand Theft Auto V	PS4	23/08/2023		Not Completed 		0				Action | Adventure	Box | Cover | Manual	
687	Deus Ex: Mankind Divided	PS4	09/12/2023		Not Completed 		0				FPS | RPG	Box | Cover	
688	Fallout 76	PS4	09/12/2023		Not Completed 		0				RPG	Box | Cover | Manual	
689	Metal Gear Solid V: The Phantom Pain	PS4	09/12/2023		Not Completed 		0				Action | Stealth	Box | Cover | Manual	
751	Kingdom Hearts Final Mix	PS4	09/09/2024		Not Completed 		0				RPG	Box | Cover | Manual	Story So Far
752	Kingdom Hearts Re:Chain of Memories	PS4	09/09/2024		Not Completed 		0				RPG	Box | Cover | Manual	Story So Far
978	Bound by Flame	PS4	11/12/2025		Not Completed 		0				Action | Adventure | RPG	Box | Cover | Manual	
979	Dodgeball Academia	PS4	11/12/2025		Not Completed 		0				Sports | RPG	Box | Cover | Manual	
980	Samurai Warriors 4 Empires 	PS4	11/12/2025		Not Completed 		0				Action | H&S | Strategy	Box | Cover | Manual	
981	My Hero One's Justice	PS4	11/12/2025		Not Completed 		0				Fighting	Box | Cover | Manual	
1035	Happy Feet	NDS	13/07/2026		Not Completed 		0				Action | Adventure | RPG	/	
1036	Star Wars Episode III: Revenge of the Sith	NDS	13/07/2026		Not Completed 		0				Action	/	
1076	One Piece: Pirate Warriors 3	PS4	18/09/2026		Not Completed 		0				Action | H&S	Box | Cover | Manual	
1077	One Piece: Pirate Warriors 4	PS4	18/09/2026		Not Completed 		0				Action | H&S	Box | Cover | Manual	
1078	Shin Megami Tensei III Nocturne	PS4	18/09/2026		Not Completed 		0				RPG	Box | Cover | Manual	HD Remaster
1079	Siren: New Translation	PS3	18/09/2026		Not Completed 		0				Horror	Box | Cover | Manual	
1037	Platinum Sudoku	NDS	13/07/2026	/	Null	56	/				Puzzle	/	
1038	Nanda's Island	NDS	13/07/2026		Not Completed 		0				Puzzle	/	
1039	Spider-Man 3	NDS	13/07/2026		Not Completed 		0				Action	/	
1040	Drawn to Life: SpongeBob SquarePants Edition	NDS	13/07/2026		Not Completed 		0				Platformer	/	
1041	Hannah Montana	NDS	13/07/2026		Not Completed 		0				Adventure	/	
1042	Tim Power: Firefighter	NDS	13/07/2026		Not Completed 		0				Adventure	/	
1043	Les Incollables CM1-CM2	NDS	13/07/2026	/	Null		/				Party	/	
1044	SpongeBob's Atlantis SquarePantis	NDS	13/07/2026		Not Completed 		0				Platformer	/	
1045	SpongeBob SquarePants and Friends: Unite!	NDS	13/07/2026		Not Completed 		0				Action | Adventure	/	
1046	Warhammer 40,000: Squad Command	NDS	13/07/2026		Not Completed 		0				Strategy	/	
1047	Mystery Tales: Time Travel	NDS	13/07/2026	29/08/2026	Completed	57	1		04:51		Puzzle	/	
1048	Jewels of the Tropical Lost Island	NDS	13/07/2026		Not Completed 		0				Puzzle	/	
985	Soul Hackers 2	PS4	15/12/2025		Not Completed 		0				RPG	Box | Cover | Manual	
753	Kingdom Hearts II Final Mix	PS4	09/09/2024		Not Completed 		0				RPG	Box | Cover | Manual	Story So Far
754	Kingdom Hearts Birth by Sleep Final Mix	PS4	09/09/2024		Not Completed 		0				RPG	Box | Cover | Manual	Story So Far
755	Kingdom Hearts Dream Drop Distance HD	PS4	09/09/2024		Not Completed 		0				RPG	Box | Cover | Manual	Story So Far
756	Kingdom Hearts 0.2 Birth by Sleep -A fragmentary passage-	PS4	09/09/2024		Not Completed 		0				RPG	Box | Cover | Manual	Story So Far
759	Metro: Last Light Redux	PS4	09/09/2024		Not Completed 		0				FPS | Horror	Box | Cover | Manual	Redux Double Pack
956	Monster Hunter World	PS4	02/11/2025		Not Completed 		0				Action | RPG	Box | Cover | Manual	
1028	Epic Chef	PS4	30/05/2026		Not Completed 		0				Adventure	Box | Cover	
983	Fired Up	PSP	15/12/2025		Not Completed 		0				Action | Racing	Box | Cover | Manual	
967	LEGO Marvel Super Heroes: Universe in Peril	VITA	11/12/2025		Not Completed 		0				Action | Adventure	Box | Cover | Manual	
968	LEGO Star Wars: The Force Awakens	VITA	11/12/2025		Not Completed 		0				Action | Adventure	Box | Cover | Manual	
1031	Red Steel 2	Wii	01/06/2026		Not Completed 		0				FPS	Box | Cover | Manual	
969	Call of Duty: Modern Warfare: Reflex Edition	Wii	11/12/2025		Not Completed 		0				FPS	Box | Cover | Manual	
970	de Blob 2	Wii	11/12/2025		Not Completed 		0				Plafformer	Box | Cover | Manual	
702	Alien Syndrome	Wii	09/12/2023		Not Completed 		0				Action | RPG	Box | Cover | Manual	
703	Far Cry Vengeance	Wii	09/12/2023		Not Completed 		0				FPS	Box | Cover	
849	Asteroids	Atari FB3	13/05/2025	/	Null		/					Built-in	
850	Backgammon	Atari FB3	13/05/2025	/	Null		/					Built-in	
851	Basketball	Atari FB3	13/05/2025	/	Null		/				Sports	Built-in	
852	Battlezone	Atari FB3	13/05/2025	/	Null		/					Built-in	
853	Bowling	Atari FB3	13/05/2025	/	Null		/				Sports	Built-in	
854	Canyon Bomber	Atari FB3	13/05/2025	/	Null		/					Built-in	
858	Combat	Atari FB3	13/05/2025	/	Null		/					Built-in	
859	Combat 2	Atari FB3	13/05/2025	/	Null		/					Built-in	
860	Demons to Diamonds	Atari FB3	13/05/2025	/	Null		/					Built-in	
861	Desert Falcon	Atari FB3	13/05/2025	/	Null		/					Built-in	
862	Dodge 'Em	Atari FB3	13/05/2025	/	Null		/					Built-in	
863	Double Dunk	Atari FB3	13/05/2025	/	Null		/				Sports	Built-in	
865	Flag Capture	Atari FB3	13/05/2025	/	Null		/					Built-in	
866	Frog Pond	Atari FB3	13/05/2025	/	Null		/					Built-in	
867	Fun With Numbers	Atari FB3	13/05/2025	/	Null		/					Built-in	
868	Golf	Atari FB3	13/05/2025	/	Null		/					Built-in	
869	Gravitar	Atari FB3	13/05/2025	/	Null		/					Built-in	
871	Haunted House	Atari FB3	13/05/2025	/	Null		/					Built-in	
872	Home Run	Atari FB3	13/05/2025	/	Null		/					Built-in	
873	Human Cannonball	Atari FB3	13/05/2025	/	Null		/					Built-in	
874	Maze Craze	Atari FB3	13/05/2025	/	Null		/					Built-in	
875	Miniature Golf	Atari FB3	13/05/2025	/	Null		/				Sports	Built-in	
876	Missile Command	Atari FB3	13/05/2025	/	Null		/					Built-in	
878	Off The Wall	Atari FB3	13/05/2025	/	Null		/					Built-in	
880	Realsports Baseball	Atari FB3	13/05/2025	/	Null		/				Sports	Built-in	
881	Realsports Basketball	Atari FB3	13/05/2025	/	Null		/				Sports	Built-in	
882	Realsports Soccer	Atari FB3	13/05/2025	/	Null		/				Sports	Built-in	
883	Realsports Volleyball	Atari FB3	13/05/2025	/	Null		/				Sports	Built-in	
884	Saboteur	Atari FB3	13/05/2025	/	Null		/					Built-in	
885	Save Mary	Atari FB3	13/05/2025	/	Null		/					Built-in	
886	Secret Quest	Atari FB3	13/05/2025	/	Null		/					Built-in	
887	Sky Diver	Atari FB3	13/05/2025	/	Null		/					Built-in	
888	Space War	Atari FB3	13/05/2025	/	Null		/					Built-in	
889	Sprintmaster	Atari FB3	13/05/2025	/	Null		/					Built-in	
890	Star Ship	Atari FB3	13/05/2025	/	Null		/					Built-in	
891	Steeplechase	Atari FB3	13/05/2025	/	Null		/					Built-in	
892	Submarine Commander	Atari FB3	13/05/2025	/	Null		/					Built-in	
893	Super Baseball	Atari FB3	13/05/2025	/	Null		/				Sports	Built-in	
895	Super Football	Atari FB3	13/05/2025	/	Null		/				Sports	Built-in	
897	Swordquest: Earthworld	Atari FB3	13/05/2025	/	Null		/					Built-in	
898	Swordquest: Fireworld	Atari FB3	13/05/2025	/	Null		/					Built-in	
900	Video Chess	Atari FB3	13/05/2025	/	Null		/				Sports	Built-in	
902	Wizard	Atari FB3	13/05/2025	/	Null		/					Built-in	
1011	NFL Street 3	PS2	18/04/2026	/	Null		/				Sports	Box | Cover | Manual	
916	NBA 2K11	PS2	11/06/2025	/	Null		/				Sports	Box | Cover | Manual	
788	Formula One 2005	PS2	10/12/2024	/	Null		/				Racing	Box | Cover | Manual	
790	Ultimate Casino	PS2	10/12/2024	/	Null		/				Party	Box | Cover | Manual	
792	This Is Football 2003	PS2	10/12/2024	/	Null		/				Sports	Box | Cover | Manual	Platinum
795	Vegas Casino 2	PS2	10/12/2024	/	Null		/				Party	Box | Cover | Manual	
798	Play It Chess Challenger	PS2	10/12/2024	/	Null		/				Sports	Box | Cover | Manual	
162	Pro Evolution Soccer	PS2	21/08/2016	/	Null		/				Sports	Box | Cover | Manual	
986	Team Fortress 2	PS3	06/01/2026	/	Null		/				TPS | Action		Orange Box
1022	Go! Sudoku	PSP	18/04/2026	/	Null		/				Puzzle	Box | Cover | Manual	
1023	NFL Street 2: Unleashed	PSP	18/04/2026	/	Null		/				Sports	Box | Cover | Manual	
764	MTX MOTOTRAX	PSP	12/09/2024	/	Null		/				Racing 	Box | Cover | Manual	
306	WWE SmackDown vs. Raw 2007	PSP	30/08/2019	/	Null		/				Sports | Fighting	/	
41	WWE SmackDown vs. Raw 2008	PSP	02/02/2013	/	Null		/				Sports | Fighting	Box | Cover*	
1002	Minecraft	VITA	27/03/2026		Not Completed	84	/				Adventure	Box | Cover | Manual	
936	Sports Island	Wii	27/09/2025	/	Null		/				Sports	Box | Cover | Manual	
937	Sports Island 2	Wii	27/09/2025	/	Null		/				Sports	Box | Cover | Manual	
379	Skylanders: Spyro's Adventure	3DS	06/02/2021	/	Unplayable		/				Action | Adventure	Box | Cover	
582	Tenchi wo Kurau II - Shokatsu Kōmei Den	Famicom	11/02/2023	/	Unplayable		/				RPG	Box | Cover	
247	Age of Empires Collector's Edition	PC	17/08/2018	/	Unplayable		/				Strategy	Box | Cover	Xplosiv
8	Age Of Mythology	PC	Before 2012	/	Unplayable		/				Strategy	Box | Cover*	
426	Call of Duty	PC	19/08/2021	/	Unplayable		/				FPS	Box | Cover | Manual	
248	Medieval II: Total War	PC	17/08/2018	/	Unplayable		/				Strategy	Box | Cover	Gold Edition
174	Painkiller Resurrection	PC	28/01/2017	/	Unplayable		/				FPS	Box | Cover	
149	Painkiller: Overdose	PC	15/08/2016	/	Unplayable		/				FPS	Box | Cover	
203	The Club	PC	26/08/2017	/	Unplayable		/				FPS	Box | Cover | Manual	
117	The Sims 2: Deluxe	PC	15/09/2015	/	Unplayable		/					Box | Cover	
207	Top Trumps Adventures: Horror and Predators	PC	17/10/2017	/	Unplayable		/				Strategy	Box | Manual	
154	Far Cry	PC	21/08/2016	/	Unplayable		/				FPS	Box	
12	Mafia II	PC	Day 1 2012	/	Unplayable		/				Action | Adventure	Box | Cover	
7	Worms: Armaggedon	PC	Before 2012	/	Unplayable		/				Strategy	Box | Cover*	Sold Out Software
414	Driver	PS1	26/07/2021	/	Unplayable		/				Racing	Box | Cover | Manual	
413	Final Fantasy VII	PS1	26/07/2021	/	Unplayable		/				RPG	Box | Cover | Manual	
155	W SmackDown 2	PS1	21/08/2016	/	Unplayable		/				Sports | Fighting	/	Platinum
806	Lake Masters Ex	PS2	10/12/2024	/	Unplayable		/				Sports	Box | Cover | Manual	
837	Medal of Honor: Vanguard	PS2	22/03/2025		Unplayable		/				FPS		
794	EyeToy: Play Astro Zoo	PS2	10/12/2024	/	Unplayable		/				Party	Box | Cover | Manual	
255	Fifa 06	PS2	17/08/2018	/	Unplayable		/				Sports	Box | Cover | Manual	Platinum
110	The Sims 2	PS2	15/09/2015	/	Unplayable		/					Box | Cover | Manual	Platinum
254	EyeToy Play	PS2	17/08/2018	/	Unplayable		/				Party	Box | Cover | Manual	
497	Fifa 07	PS2	19/05/2022	/	Unplayable		/				Sports	Box | Cover | Manual	
492	Fifa Football 2004	PS2	22/04/2022	/	Unplayable		/				Sports	Box | Cover	
249	MotoGP 3	PS2	17/08/2018	/	Unplayable		/				Racing	/	
252	SWAT Global Strike Team	PS2	17/08/2018	/	Unplayable		/				FPS	Box	
632	Samurai Warriors 2 Xtreme Legends	PS2	07/08/2023	/	Unplayable		/				Action | H&S	Box | Cover | Manual	
447	Devil May Cry 4	PS3	14/12/2021	/	Unplayable		/				Action | H&S	Box | Cover	
314	MAG	PS3	28/10/2019	/	Unplayable		/				FPS	Box | Cover | Manual	
747	Need for Speed: Hot Pursuit	PS3	23/07/2024	/	Unplayable		/				Racing	Box | Cover | Manual	Limited Edition
391	Tony Hawk: Shred	PS3	14/04/2021	/	Unplayable		/				Sports	Box | Cover	
530	MotorStorm: Arctic Edge	PSP	27/08/2022	/	Unplayable		/				Racing	Box | Cover 	Collectors Edition
713	Sonic Rivals	PSP	09/04/2024	/	Unplayable		/				Platformer | Racing	Box | Cover | Manual	
304	Gran Turismo	PSP	30/08/2019	/	Unplayable		/				Racing	/	
524	Medal of Honor: Heroes 2	Wii	16/08/2022	/	Unplayable		/				FPS	Box | Cover	
448	Animal Crossing: City Folk	Wii	19/12/2021	/	Unplayable		/				<3	Box | Cover	
51	Prototype 2	X360	Late 2013 - Early 2014	/	Unplayable		/				Action | Adventure	Box | Cover 	
409	Dino Crisis 3	XBOX	24/07/2021	/	Unplayable		/				Action | Adventure	Box | Cover | Manual	
707	Frame Gride	Dreamcast	13/12/2023	/	Unplayable 		/				Fighting	Box | Cover | Manual	
706	Psychic Force 2012	Dreamcast	13/12/2023	/	Unplayable 		/				Fighting	Box | Cover | Manual	
557	Gran Turismo 5: Academy Edition	PS3	04/11/2022	/	Unrateable		/				Racing	Box | Cover | Manual	